-- MariaDB dump 10.17  Distrib 10.4.15-MariaDB, for Linux (x86_64)
--
-- Host: mysql.hostinger.ro    Database: u574849695_25
-- ------------------------------------------------------
-- Server version	10.4.15-MariaDB-cll-lve

/*!40101 SET @OLD_CHARACTER_SET_CLIENT=@@CHARACTER_SET_CLIENT */;
/*!40101 SET @OLD_CHARACTER_SET_RESULTS=@@CHARACTER_SET_RESULTS */;
/*!40101 SET @OLD_COLLATION_CONNECTION=@@COLLATION_CONNECTION */;
/*!40101 SET NAMES utf8mb4 */;
/*!40103 SET @OLD_TIME_ZONE=@@TIME_ZONE */;
/*!40103 SET TIME_ZONE='+00:00' */;
/*!40014 SET @OLD_UNIQUE_CHECKS=@@UNIQUE_CHECKS, UNIQUE_CHECKS=0 */;
/*!40014 SET @OLD_FOREIGN_KEY_CHECKS=@@FOREIGN_KEY_CHECKS, FOREIGN_KEY_CHECKS=0 */;
/*!40101 SET @OLD_SQL_MODE=@@SQL_MODE, SQL_MODE='NO_AUTO_VALUE_ON_ZERO' */;
/*!40111 SET @OLD_SQL_NOTES=@@SQL_NOTES, SQL_NOTES=0 */;

--
-- Table structure for table `event_types`
--

DROP TABLE IF EXISTS `event_types`;
/*!40101 SET @saved_cs_client     = @@character_set_client */;
/*!40101 SET character_set_client = utf8 */;
CREATE TABLE `event_types` (
  `id` bigint(20) unsigned NOT NULL AUTO_INCREMENT,
  `name` varchar(100) COLLATE utf8mb4_unicode_ci DEFAULT NULL,
  PRIMARY KEY (`id`)
) ENGINE=InnoDB AUTO_INCREMENT=3 DEFAULT CHARSET=utf8mb4 COLLATE=utf8mb4_unicode_ci;
/*!40101 SET character_set_client = @saved_cs_client */;

--
-- Dumping data for table `event_types`
--

LOCK TABLES `event_types` WRITE;
/*!40000 ALTER TABLE `event_types` DISABLE KEYS */;
INSERT INTO `event_types` VALUES (1,'theatre'),(2,'concert');
/*!40000 ALTER TABLE `event_types` ENABLE KEYS */;
UNLOCK TABLES;

--
-- Table structure for table `events`
--

DROP TABLE IF EXISTS `events`;
/*!40101 SET @saved_cs_client     = @@character_set_client */;
/*!40101 SET character_set_client = utf8 */;
CREATE TABLE `events` (
  `id` bigint(20) unsigned NOT NULL AUTO_INCREMENT,
  `name` varchar(255) COLLATE utf8mb4_unicode_ci DEFAULT NULL,
  `photo_id` bigint(20) unsigned DEFAULT NULL,
  `body` text COLLATE utf8mb4_unicode_ci DEFAULT NULL,
  `created_at` datetime DEFAULT current_timestamp(),
  `event_date` datetime DEFAULT NULL,
  `hometown` varchar(100) COLLATE utf8mb4_unicode_ci DEFAULT NULL,
  `event_type` bigint(20) unsigned DEFAULT NULL,
  `genre_type` bigint(20) unsigned DEFAULT NULL,
  `host_id` bigint(20) unsigned DEFAULT NULL,
  PRIMARY KEY (`id`),
  KEY `events_name_idx` (`name`),
  KEY `event_type` (`event_type`),
  KEY `genre_type` (`genre_type`),
  KEY `photo_id` (`photo_id`),
  KEY `host_id` (`host_id`),
  CONSTRAINT `events_ibfk_1` FOREIGN KEY (`event_type`) REFERENCES `event_types` (`id`) ON UPDATE CASCADE,
  CONSTRAINT `events_ibfk_2` FOREIGN KEY (`genre_type`) REFERENCES `genre_types` (`id`) ON UPDATE CASCADE,
  CONSTRAINT `events_ibfk_3` FOREIGN KEY (`photo_id`) REFERENCES `galary` (`id`) ON DELETE SET NULL ON UPDATE CASCADE,
  CONSTRAINT `events_ibfk_4` FOREIGN KEY (`host_id`) REFERENCES `users` (`id`) ON DELETE SET NULL ON UPDATE CASCADE
) ENGINE=InnoDB AUTO_INCREMENT=101 DEFAULT CHARSET=utf8mb4 COLLATE=utf8mb4_unicode_ci;
/*!40101 SET character_set_client = @saved_cs_client */;

--
-- Dumping data for table `events`
--

LOCK TABLES `events` WRITE;
/*!40000 ALTER TABLE `events` DISABLE KEYS */;
INSERT INTO `events` VALUES (1,'Centralized well-modulated task-force',1,'Quam consequatur autem omnis tempore. Illo eos ut est et sint. Sed qui nisi ut. Sequi nulla qui illum iste libero est.','2010-02-24 22:59:37','2021-03-22 13:54:30','Moscow',1,4,1),(2,'Versatile secondary info-mediaries',2,'Iusto ducimus velit natus nam aut voluptatem ad. Itaque adipisci commodi rerum rerum asperiores qui non. Cupiditate quod voluptatem et aspernatur. Ad culpa asperiores accusantium provident esse mollitia qui. Qui quia qui deserunt odit velit quis officiis.','2017-02-07 12:02:17','2021-05-07 05:30:38','Samara',2,5,3),(3,'Diverse bifurcated orchestration',3,'Esse numquam quisquam ab sit. Ut voluptate provident ut architecto est sed maiores. Minima autem excepturi minima similique qui ut et tempora. Explicabo aut libero dolorum et vel quis nesciunt.','1996-04-02 20:07:10','2021-05-16 12:50:08','Tomsk',1,2,2),(4,'User-friendly contextually-based website',4,'Consequatur iusto aut similique minima. Possimus animi voluptatum illo quia. Vero facere alias id nulla aspernatur nam nihil.','2002-01-11 16:23:42','2021-05-10 23:44:04','Tomsk',1,6,4),(5,'Multi-channelled client-driven product',5,'Et voluptatum eos voluptas adipisci doloribus accusantium enim. Sunt illo excepturi corrupti dolorum reprehenderit. Accusantium voluptatem deserunt ipsum deserunt ut nihil. Facere aperiam impedit veritatis illum tenetur.','2006-04-03 22:45:50','2021-05-24 22:16:25','Kazan',1,7,2),(6,'Operative mobile solution',6,'Labore alias aliquam et sunt incidunt ullam atque. Praesentium voluptas autem quod ad. Molestias sunt in ipsum facilis labore fugiat officia eius.','2008-04-07 22:58:34','2020-11-03 16:10:12','Kazan',2,7,4),(7,'Fundamental bi-directional software',7,'Laborum fugiat saepe aut totam. Ut consequatur ex ratione dolor minima nulla atque. Dolorem in nobis omnis commodi sint sit accusantium.','1972-04-18 15:09:49','2020-11-23 20:00:41','Samara',1,4,4),(8,'Ergonomic even-keeled superstructure',8,'Maxime omnis sit accusantium itaque. Molestiae voluptatum enim impedit dignissimos omnis voluptatem. Quo repellendus excepturi iusto. Laborum sit et rerum voluptatem voluptas.','2003-06-01 00:52:14','2020-10-29 11:24:58','Omsk',1,2,3),(9,'Innovative eco-centric frame',9,'Itaque et sed nostrum. Sit sed pariatur maiores voluptas ullam. Reiciendis animi libero molestiae excepturi. Ducimus eos optio quas omnis.','1978-03-25 07:09:01','2020-11-07 21:29:54','Kazan',2,5,2),(10,'Up-sized neutral parallelism',10,'Vel quidem sed non rerum tempora qui. Quos blanditiis quam ad voluptatem dolorem omnis. Ad consequatur delectus molestiae autem ut. Officia dolore itaque cumque magni ipsa.','2010-12-01 08:03:54','2020-11-01 03:22:46','Kazan',1,8,2),(11,'Vision-oriented radical function',11,'Veniam sit omnis voluptatem illo nesciunt consectetur est. Voluptate omnis numquam provident aut officia voluptas voluptate ut. Ut tempora ut sapiente id molestias.','1976-06-09 13:26:28','2021-05-27 23:47:25','Tomsk',2,4,2),(12,'Synergized needs-based GraphicalUserInterface',12,'Ducimus distinctio blanditiis vero et. Fuga ipsam illum nesciunt. Illo vero ab ducimus enim sit sit labore.','1977-10-14 14:16:47','2021-02-12 07:56:14','Tomsk',1,8,2),(13,'Re-contextualized motivating migration',13,'Repellendus voluptatibus eos iusto voluptas quia. Nihil laborum sed blanditiis aut aut. Qui cum qui nobis dolores harum. Ipsam sint deleniti repellat mollitia esse consequuntur aut.','2008-01-21 16:52:36','2021-09-19 05:42:15','Samara',1,7,2),(14,'Public-key upward-trending matrix',14,'Molestiae sint et consequuntur et. Id et nesciunt perferendis assumenda. Aliquam et odio dolores suscipit doloremque quos debitis est. Quod maxime est aperiam non culpa doloribus repellendus.','1980-10-04 21:54:49','2020-10-28 00:10:58','Omsk',1,5,2),(15,'Monitored asynchronous strategy',15,'Et repellendus accusantium maiores. Non minima et labore. At facilis qui voluptatem amet voluptatum ut neque. Cumque et nisi non enim sit molestiae.','2002-12-26 08:48:53','2020-10-19 19:57:48','Samara',2,4,1),(16,'Profit-focused systematic standardization',16,'Occaecati qui aliquid numquam quae. At odit nisi at sunt maiores quos quam. Rerum fuga animi qui ut et inventore inventore. Natus voluptatem voluptate inventore.','2013-04-25 18:35:34','2020-11-21 12:14:24','Kazan',2,3,3),(17,'Down-sized 5thgeneration encryption',17,'Assumenda magnam reprehenderit sequi modi est libero ex. Doloremque est et doloremque sequi quo.','1981-12-23 13:41:06','2021-09-09 05:08:20','Kazan',1,6,3),(18,'Configurable secondary throughput',18,'Et iure quos quod rerum officia eius. Qui aut a animi sapiente. Aliquam est consequatur tempore incidunt provident.','2001-01-04 12:05:09','2020-12-11 00:59:08','Omsk',1,4,4),(19,'Persistent bottom-line neural-net',19,'Alias velit cupiditate et autem. Assumenda omnis explicabo molestiae amet. Sunt rerum deserunt temporibus.','1997-10-21 21:28:03','2021-08-15 04:10:54','Omsk',2,5,2),(20,'Adaptive bi-directional project',20,'Rerum possimus aliquam est qui ut sed qui. Rem eligendi impedit quas. Mollitia quod repellat ullam dignissimos omnis accusamus quibusdam. Sunt quo itaque ut molestiae.','2008-01-11 19:59:13','2021-03-19 16:28:15','Moscow',1,3,1),(21,'Robust incremental productivity',21,'Laborum ut est libero aspernatur. Optio aliquam dolores quia.','1978-06-29 17:52:29','2020-10-13 16:49:10','Tomsk',2,2,5),(22,'Front-line responsive solution',22,'Molestias voluptate tempora qui ullam nihil consequuntur amet. Et voluptatem ut ut commodi et quia optio. Minus accusantium veniam perspiciatis natus.','2013-10-17 13:47:22','2021-07-01 13:40:31','Tomsk',1,4,1),(23,'Triple-buffered bottom-line adapter',23,'Excepturi ad quis quod eaque excepturi. Provident nostrum saepe rerum quod. Eligendi alias voluptatibus voluptatem.','1992-08-18 05:38:21','2021-04-13 00:00:54','Omsk',1,4,2),(24,'Total solution-oriented database',24,'Sed dolorum sint tempore laboriosam voluptas. Vel aliquid quas debitis sit dolore. Nulla ut magnam expedita. Aliquam corrupti voluptatem quae.','1977-08-11 04:45:35','2021-06-21 08:32:15','Kazan',2,3,2),(25,'Mandatory needs-based data-warehouse',25,'Sapiente aut et est eum tempora amet ad. Soluta aliquid omnis molestiae hic iusto. Nisi quo eum rerum.','2016-09-19 09:42:03','2020-12-23 15:22:23','Kazan',1,2,3),(26,'Profit-focused discrete intranet',26,'Ex reprehenderit eos qui vitae dicta. Ad asperiores hic enim ut inventore.','2000-01-04 23:07:04','2021-06-29 22:29:08','Omsk',2,1,2),(27,'Versatile modular forecast',27,'Facere facere rerum aliquid quisquam sed voluptatem officia. Vitae officiis soluta quo sed amet aut porro. Ea quo ratione iusto labore.','1998-12-02 02:51:51','2021-06-17 10:54:45','Samara',1,8,4),(28,'Enhanced fault-tolerant groupware',28,'Harum occaecati blanditiis sapiente sed enim esse sit. Error dolorem quo unde quos pariatur cum velit. Et qui quasi maiores ut et explicabo.','1982-12-12 02:52:28','2020-09-28 23:50:33','Samara',1,2,1),(29,'Grass-roots assymetric challenge',29,'Voluptatem hic non ipsum delectus optio. Nemo ipsam praesentium qui nam unde error. Delectus esse ea voluptas ipsam est quia.','1974-02-21 20:55:11','2021-03-16 06:36:53','Kazan',1,3,2),(30,'Profound empowering utilisation',30,'Rerum excepturi quibusdam a mollitia quia ipsam. Cupiditate facilis non quia quod quia eos quisquam occaecati. Itaque inventore qui qui ut. In eum autem inventore impedit non.','1982-11-15 21:11:01','2021-09-09 23:45:19','Samara',1,3,3),(31,'Synchronised human-resource ability',31,'Autem tempora velit quae ex ut blanditiis laboriosam vel. Sit aut id optio qui rerum delectus. Facilis eos nesciunt delectus quis. Dolor animi repudiandae molestias quia laboriosam porro qui.','2013-02-19 20:23:50','2021-02-11 19:54:31','Kazan',2,4,1),(32,'Networked full-range focusgroup',32,'Aut optio qui repudiandae sint reprehenderit optio. Ut ea nisi nam dicta. Et rerum a consequatur aut.','2016-04-14 02:14:39','2021-08-11 21:25:05','Moscow',1,3,1),(33,'Front-line demand-driven matrix',33,'Qui iure dolorum molestias beatae et necessitatibus. Fugit reiciendis ex voluptatem. Est quo quod ipsum totam enim. Nesciunt sunt porro nesciunt ullam tempora laudantium.','2001-04-20 00:12:48','2020-10-29 21:04:36','Kazan',2,7,3),(34,'Reactive systemic hardware',34,'Dicta qui dolor dicta eos. Ea assumenda dolore sit. Rerum occaecati nulla eum iusto ipsum veniam.','1999-06-24 16:54:33','2021-08-16 13:38:52','Samara',1,1,3),(35,'Enterprise-wide needs-based knowledgebase',35,'Iste eum tempore impedit. Sed velit eos sit. Sit atque qui aliquid molestiae harum occaecati.','2019-01-07 20:42:58','2020-11-01 19:30:53','Moscow',2,5,4),(36,'Persistent fault-tolerant architecture',36,'Aut repellendus eum quasi suscipit. Et dignissimos molestiae expedita voluptate. Vel harum enim aliquid facilis debitis non. Aut aut quia distinctio minus est.','2014-10-27 01:26:52','2021-05-16 04:45:25','Omsk',2,7,3),(37,'Horizontal zerotolerance instructionset',37,'Et veritatis autem et est facere velit et. Amet voluptates delectus exercitationem fuga exercitationem beatae. Earum quia et eum dolorem ab cumque.','2000-06-22 21:11:28','2020-12-29 17:06:50','Samara',2,3,5),(38,'Function-based 24hour hardware',38,'Ea provident officia sequi qui fugiat. Expedita culpa qui voluptatem nemo. Aliquam ab maiores quod aliquam deserunt et voluptatibus. Aut ullam excepturi facere magni doloremque aperiam.','1989-07-22 06:29:33','2021-08-08 10:57:27','Kazan',1,5,2),(39,'Business-focused uniform moderator',39,'Quis voluptatum numquam consequatur voluptatum optio. Rerum id qui voluptatem sed et. Ut facere fuga quia neque quis dolores. Dolorem omnis sed labore.','1976-03-20 03:50:39','2021-02-18 08:08:21','Moscow',2,7,2),(40,'Cross-platform user-facing opensystem',40,'Et velit eum et aspernatur possimus. Est nesciunt et enim et officia saepe. Reiciendis delectus itaque aut exercitationem doloremque. Et ducimus provident numquam nihil omnis consectetur ut.','2000-10-15 01:38:15','2021-09-24 02:39:38','Tomsk',1,2,4),(41,'Switchable attitude-oriented opensystem',41,'Rerum culpa soluta voluptas accusamus accusantium. Nulla deleniti dolore quia quod facilis. Porro officiis corrupti ipsa velit sit et. Sunt sint magnam placeat.','1982-09-15 15:44:13','2020-10-08 05:17:12','Kazan',1,7,4),(42,'Reduced client-driven database',42,'Minus reiciendis quia dolor ratione natus. Voluptas excepturi iure iste voluptas sed accusantium dolores. Maiores voluptatem error ut qui accusantium qui nihil. Officia ipsa earum commodi incidunt laborum rerum.','1989-03-09 08:11:41','2020-11-26 15:57:33','Tomsk',2,5,2),(43,'Object-based logistical circuit',43,'Ea necessitatibus vero repellat non eos velit. Optio dolorem voluptas corrupti. Ut facere neque porro maxime aut voluptate.','2019-02-04 11:00:43','2021-08-28 01:08:46','Kazan',2,2,3),(44,'Extended 24hour matrix',44,'Debitis qui expedita et ratione aspernatur reiciendis facere. Qui commodi necessitatibus et sit consectetur esse dolorem maxime. Aut illum et excepturi qui magni voluptatem. Fugiat alias harum aperiam laudantium et.','1980-01-17 07:36:01','2021-07-11 00:01:42','Samara',2,6,1),(45,'Automated multi-state hardware',45,'Est aut vel natus delectus ut veritatis. Impedit tempore iusto nihil neque nisi. Dicta ea inventore rerum suscipit. Nihil sunt dolorum voluptate asperiores. Temporibus deleniti quas omnis veritatis repellat corrupti.','1986-08-27 01:46:35','2021-03-24 15:03:42','Kazan',2,3,4),(46,'Reactive value-added internetsolution',46,'Rerum pariatur amet culpa praesentium rerum aut neque. Et voluptatem laudantium ad nihil perferendis culpa tempore quas. Ut enim unde hic praesentium dolorem molestiae.','2007-11-22 13:45:41','2020-10-29 03:05:11','Omsk',1,1,3),(47,'Upgradable cohesive hub',47,'Sunt et est saepe debitis aperiam dolore ipsa. Et et itaque at omnis temporibus labore. Rerum consequatur voluptatem sed quis a.','1979-04-09 14:34:06','2020-10-10 16:46:58','Moscow',1,8,5),(48,'Future-proofed holistic portal',48,'Ea consequatur ea hic quam exercitationem vitae et. Veritatis omnis corporis aut culpa eligendi et. Autem et nesciunt voluptatem non sequi officia.','1994-03-19 17:09:13','2021-07-25 06:26:01','Kazan',1,5,2),(49,'Mandatory non-volatile complexity',49,'Et earum sit vel. Optio occaecati qui dicta quia. Saepe ducimus iure doloribus et veritatis eaque provident quis. Ipsum provident suscipit ea quasi officiis dolorem occaecati.','1985-01-16 03:55:12','2020-11-20 21:23:52','Moscow',1,5,4),(50,'Multi-lateral stable strategy',50,'Fuga unde laboriosam deleniti voluptatem error nesciunt repudiandae quia. Reiciendis nihil omnis itaque est quia nihil. Nihil est dolor ab velit molestiae id. Corporis sequi molestiae qui in dolor molestiae.','1982-12-10 02:02:33','2021-03-20 23:50:09','Omsk',1,2,1),(51,'Reduced multimedia protocol',51,'Id accusantium impedit assumenda sapiente. Laboriosam consequuntur ducimus ullam quos. Voluptatem suscipit dolores nihil inventore ut exercitationem atque perferendis.','2003-07-09 12:11:21','2021-05-13 10:38:21','Tomsk',2,4,1),(52,'Persevering zerotolerance flexibility',52,'Aspernatur officiis dignissimos repudiandae et molestiae. Consequatur facere voluptas est qui quos eos. Enim sint eaque voluptate perspiciatis voluptates maxime. Et ipsam voluptatibus sunt voluptatum nulla maiores et.','2021-03-08 15:37:32','2021-04-01 23:14:56','Samara',2,2,2),(53,'Automated web-enabled customerloyalty',53,'Id laborum ut aut qui eum quasi rem impedit. Id a illo fuga repudiandae dolorem. Provident odio sint sed vel expedita iusto at. Similique sit ab nobis occaecati tempore.','1975-01-22 12:26:28','2021-02-04 19:37:43','Samara',2,7,4),(54,'User-friendly exuding project',54,'Ut sapiente ratione ad. Quia sit deleniti eaque qui eius distinctio. Iste cumque ut quos eligendi itaque earum. Et fugit aperiam corporis non soluta.','2002-05-09 06:37:38','2021-05-22 07:16:55','Tomsk',2,3,3),(55,'Universal nextgeneration time-frame',55,'Earum sint dolor quia nam magni. Adipisci est recusandae accusantium iure aut.','2018-09-28 23:09:15','2020-12-25 20:19:41','Omsk',1,5,3),(56,'Diverse systematic product',56,'Ratione quo soluta doloribus nostrum dolores aut sint numquam. Sed mollitia necessitatibus nesciunt eum sint enim. Neque cupiditate distinctio nihil et est mollitia autem. Sit accusantium et et qui nisi.','2009-10-08 16:14:20','2021-05-21 16:14:33','Moscow',1,5,4),(57,'Synchronised high-level toolset',57,'Beatae est consequatur pariatur numquam rerum libero rem. Minima magni doloribus neque asperiores consectetur rem. At provident quia suscipit in porro non quos ea. Voluptatem aut omnis occaecati et assumenda ut.','1998-03-16 09:46:55','2020-10-05 03:38:55','Tomsk',1,8,4),(58,'Upgradable uniform moderator',58,'Ea cupiditate impedit totam temporibus voluptas explicabo voluptas. Magni quidem recusandae magnam natus odit porro sunt quaerat. Ut et rerum omnis ut.','1995-10-18 16:51:15','2021-03-20 07:01:07','Moscow',1,8,3),(59,'Multi-channelled regional groupware',59,'Eum harum necessitatibus quia accusantium repellendus quaerat pariatur. Magni suscipit est quam modi debitis officia.','2016-11-04 05:08:37','2020-12-28 01:16:24','Samara',2,7,5),(60,'Balanced human-resource matrix',60,'Unde quo quaerat provident incidunt magnam nihil atque. Omnis nobis nobis quisquam minus. Dolore porro nihil reprehenderit numquam a.','2008-12-30 09:50:02','2020-11-07 11:35:03','Kazan',2,3,4),(61,'User-friendly foreground matrix',61,'Ut sit eos dolor maiores. Optio numquam dicta possimus repellendus et. Ipsum non inventore quod nam. Voluptas tempora delectus dolores nesciunt.','2000-01-10 22:57:48','2021-04-28 07:00:03','Kazan',1,2,2),(62,'Phased value-added functionalities',62,'Velit tenetur quam veniam rerum asperiores quia voluptatem a. Laudantium ullam sit harum minima blanditiis. Inventore magni consequatur et assumenda voluptatem quod quis. Laudantium perspiciatis quis architecto et provident quis doloremque.','1973-03-15 00:54:00','2021-01-21 23:04:35','Moscow',2,5,5),(63,'Cloned actuating utilisation',63,'Commodi inventore iusto deleniti harum nihil modi placeat. Est et dignissimos dolore alias tenetur cum. Ut officia magnam et nisi accusantium.','1970-04-15 03:33:20','2021-06-14 21:50:04','Tomsk',2,2,2),(64,'Profit-focused zerodefect encryption',64,'Delectus vel incidunt adipisci qui adipisci sit incidunt. Itaque quam soluta voluptates quisquam voluptatem. Quia qui omnis deserunt porro et iusto consequatur qui. Et eaque quo sed dolorum aperiam quia veniam.','1977-10-16 22:54:18','2021-01-05 20:02:44','Kazan',1,3,3),(65,'Synergized high-level approach',65,'Ea aut odit laborum nesciunt. Suscipit dolores explicabo repellat quos mollitia voluptatem consequatur sed. Excepturi dignissimos facere eos. Quisquam magni incidunt placeat.','1994-06-16 11:40:38','2021-06-29 10:58:27','Kazan',1,1,3),(66,'Virtual transitional complexity',66,'Qui iusto reiciendis omnis veritatis totam officiis est. Ad quia vel numquam dolores accusamus omnis quo impedit. Reprehenderit autem ducimus qui facilis sint. Autem vero perferendis minus id doloribus ullam.','2009-11-09 21:14:16','2021-06-02 00:41:11','Tomsk',1,8,1),(67,'Object-based maximized strategy',67,'Voluptatum suscipit culpa repellendus et minus reprehenderit. Facere tempora molestiae et molestiae impedit. Corporis possimus tempore qui. Ad debitis est sint recusandae aperiam et enim quasi.','2005-02-25 00:55:15','2021-05-22 21:45:20','Kazan',1,2,5),(68,'Digitized web-enabled groupware',68,'Quasi qui enim non nemo reiciendis aut tempora. Tenetur tempore cupiditate commodi repellat quos et.','1988-02-26 13:36:52','2021-06-21 05:19:51','Kazan',1,8,3),(69,'Re-contextualized 5thgeneration knowledgeuser',69,'Iure omnis voluptatem sequi quisquam necessitatibus tempore. Dolorem et quidem molestiae rem. Facilis vel illum quo corporis facere nulla dolores.','2000-07-16 02:29:35','2020-12-02 23:23:02','Kazan',1,6,1),(70,'Universal heuristic matrix',70,'Voluptate veritatis non explicabo minima. Sit vero ut voluptate omnis cum. Ab quo consequuntur harum odit. Commodi voluptas placeat nihil nulla incidunt aliquam debitis. Aperiam autem veniam ea occaecati dignissimos.','1980-08-04 04:09:50','2021-06-22 19:38:05','Moscow',2,1,5),(71,'Upgradable assymetric customerloyalty',71,'Voluptatibus ad in tenetur. Suscipit beatae optio quaerat dicta enim. Praesentium qui necessitatibus ut nobis consequuntur et aut. Voluptatem quaerat quia doloribus qui.','1988-01-22 00:28:11','2020-11-20 06:46:08','Omsk',1,8,1),(72,'Exclusive tertiary synergy',72,'Aut magni qui nihil quaerat ut. Dolorum voluptates aliquam provident sunt at maxime mollitia nobis. Temporibus ducimus omnis aut eaque explicabo vel.','2006-06-01 06:09:32','2021-02-21 02:31:38','Omsk',2,2,5),(73,'Switchable zeroadministration hierarchy',73,'Quo quos qui rerum nostrum aut excepturi. Iure impedit ad et. Ea quisquam possimus et dolore. Aut magnam tempora harum minus magnam.','2007-06-05 10:34:40','2021-05-25 14:18:11','Samara',2,4,4),(74,'Object-based maximized interface',74,'Nihil atque eos et consequuntur rem praesentium. Voluptatibus ea eos dolores sequi sed est. Vero et odio quidem quia.','1991-12-07 03:13:30','2020-11-04 00:32:28','Kazan',1,7,3),(75,'Implemented eco-centric matrix',75,'Ea corporis impedit quibusdam ad in est doloribus et. Nam est qui vel reiciendis consequatur dolor placeat explicabo. Libero ipsum iure minus deserunt quod.','2018-11-19 09:16:14','2021-01-01 08:42:09','Samara',2,1,1),(76,'Optimized foreground instructionset',76,'Reprehenderit ad doloribus et vel deserunt aut. Libero et culpa sequi. Voluptatem sunt minus ut et non modi. Architecto optio aut est animi autem.','2009-12-16 00:09:28','2021-07-24 16:00:59','Omsk',1,4,1),(77,'Enterprise-wide human-resource software',77,'Fuga impedit deleniti error nemo. Praesentium voluptatem necessitatibus provident soluta magni distinctio. Est omnis tenetur voluptatem aut omnis voluptates voluptatem.','2016-08-04 00:53:48','2021-04-11 00:50:40','Kazan',1,7,5),(78,'Business-focused multimedia time-frame',78,'Qui praesentium amet itaque et magni voluptatibus. Quas beatae quasi doloribus nobis architecto explicabo saepe. Consequatur repellendus culpa unde asperiores. Debitis exercitationem similique voluptatem qui est placeat.','1995-09-29 16:16:57','2020-10-21 17:03:30','Omsk',1,4,4),(79,'Automated holistic encoding',79,'Sunt sunt qui ex ipsam esse quas. Ut fugit est officia non eos natus.','1990-08-02 04:22:46','2021-07-17 03:53:21','Omsk',2,7,4),(80,'Enhanced intangible paradigm',80,'Omnis fugiat corrupti perferendis totam suscipit pariatur. Minus odio voluptatum ipsum consectetur. Mollitia magnam fugit libero quas similique qui eligendi quia. Dolores et modi qui eum.','1987-11-23 04:57:39','2021-03-16 03:38:47','Samara',1,4,1),(81,'Object-based homogeneous intranet',81,'Tempore est est ut odit ipsa dolorem. Et et quos ut maxime laudantium delectus in voluptate. Sint nihil aliquid est debitis mollitia et.','1980-07-09 11:34:12','2021-05-28 03:33:36','Samara',2,5,3),(82,'Mandatory 24/7 collaboration',82,'Quos totam sunt neque dignissimos expedita dolor aut. Qui vel qui alias dolore quidem a in. Labore alias sit repudiandae doloremque suscipit laborum.','2018-11-24 04:56:06','2020-11-19 15:01:37','Moscow',1,2,2),(83,'Assimilated didactic core',83,'Tempore voluptates et neque. Ratione aut sit aspernatur accusamus. Unde accusantium inventore sint deserunt repudiandae assumenda.','1994-12-10 15:07:03','2020-10-01 09:37:26','Samara',2,5,5),(84,'Implemented discrete parallelism',84,'Dicta ut ad voluptates minus. Nesciunt iusto alias numquam voluptates sit saepe optio temporibus. Autem quos a quae reprehenderit ullam. Voluptas sint alias eligendi est quia facilis.','2020-05-06 06:27:24','2021-03-20 10:32:26','Moscow',1,1,2),(85,'Polarised transitional structure',85,'Et inventore hic harum reiciendis sed eaque. Vel mollitia veritatis consequuntur quo et. Consectetur blanditiis voluptatum omnis aut dolore praesentium.','1973-01-12 19:07:53','2021-08-24 17:15:25','Moscow',1,3,2),(86,'Optional regional website',86,'Totam unde totam molestias quibusdam. Porro itaque minus iure similique qui.','1974-06-08 02:54:21','2021-02-12 05:25:42','Omsk',1,4,2),(87,'Triple-buffered intangible framework',87,'Deleniti voluptate esse officiis. Deleniti sed quaerat deserunt reprehenderit. Rem enim iusto tempore incidunt quod.','1995-02-08 09:17:59','2021-05-30 19:44:58','Samara',1,6,2),(88,'Decentralized bandwidth-monitored groupware',88,'Architecto architecto cum ut laboriosam. Aut excepturi ad est quis nostrum atque esse. Saepe architecto ut officia illo sit est occaecati. Soluta alias porro enim accusamus ut voluptas quas pariatur.','1981-07-12 12:03:07','2021-05-12 05:48:38','Moscow',2,7,1),(89,'Right-sized zerotolerance throughput',89,'Molestiae accusamus ipsa architecto voluptas adipisci. Atque aperiam temporibus voluptas consequatur quasi. In est ipsum quae veniam. Et in qui neque.','2017-02-05 10:47:20','2021-01-03 00:36:34','Omsk',2,2,2),(90,'Distributed system-worthy installation',90,'Autem quia enim debitis sunt placeat at. Ducimus eos error voluptatem autem minus in tempora. Quas ipsam ut dolorum explicabo voluptatem. Id ut quo est.','2000-08-01 00:09:19','2021-07-15 17:58:26','Omsk',1,7,1),(91,'Cross-group bandwidth-monitored circuit',91,'Et earum accusamus voluptas sint ipsum. Voluptatem laudantium harum mollitia nihil pariatur aspernatur. Amet illum accusantium et aliquam fuga laborum hic.','1986-06-12 13:29:10','2021-05-21 14:52:13','Kazan',1,7,1),(92,'Stand-alone 24hour localareanetwork',92,'Rem dolorem culpa illum natus quas maxime accusamus. Voluptas ut repellat eveniet hic dolores ut. Dolores autem molestiae rem reiciendis nesciunt aut ut nostrum. Officiis omnis autem asperiores iure corporis non doloribus.','1998-08-05 08:48:47','2021-09-25 00:39:36','Samara',2,5,5),(93,'Total well-modulated openarchitecture',93,'Veniam unde voluptatem incidunt quia voluptatum praesentium. Suscipit error sunt neque dicta. Nisi perferendis aliquid iusto magnam ipsam iusto officiis. Quo ut consequuntur fugiat sint velit qui.','1971-10-14 23:11:57','2021-01-25 09:04:39','Moscow',1,2,1),(94,'Re-engineered tangible pricingstructure',94,'Impedit doloribus quos qui quo eum sunt porro. Ut qui ad quia itaque assumenda. Eius repellat fugiat et.','1983-03-27 03:29:45','2021-06-19 14:49:01','Tomsk',2,2,2),(95,'De-engineered multimedia securedline',95,'Suscipit nam ut ipsa. Dolorum aut fugiat quia ab ut ducimus delectus illo.','1976-02-20 10:18:46','2021-02-12 03:12:37','Omsk',1,6,5),(96,'Cloned zerodefect synergy',96,'Fuga velit quasi quis aperiam aut. Ut dolorum sed totam natus voluptas nulla commodi. Non accusamus quod quia recusandae harum.','2011-04-17 19:04:34','2021-01-11 14:03:09','Moscow',2,5,5),(97,'Automated transitional moratorium',97,'Dolores nesciunt ad et aliquid soluta. A quas est eaque commodi beatae. Culpa at atque laborum quia.','1994-08-01 15:01:13','2021-07-05 15:28:09','Tomsk',2,4,3),(98,'Object-based needs-based capacity',98,'Ratione culpa expedita qui consequatur ad. Aperiam vero maiores et quaerat omnis. Laboriosam expedita qui natus aut. Recusandae consequatur repellat in quis est quibusdam.','2018-10-20 12:51:20','2021-02-21 22:23:43','Samara',2,4,5),(99,'Multi-tiered optimal instructionset',99,'Minus non nihil ut consectetur. Soluta ipsa est atque corporis consectetur deleniti nihil dolor. Velit et voluptates possimus rerum eum veniam est.','1986-11-22 06:47:29','2020-10-31 10:48:02','Omsk',2,6,3),(100,'Innovative bi-directional success',100,'Qui illo natus fugiat sed qui laudantium. Eligendi iure aliquid est provident nihil. Voluptates est maiores aut. Voluptates et mollitia enim.','1982-12-10 23:39:01','2021-09-13 20:28:31','Samara',1,4,4);
/*!40000 ALTER TABLE `events` ENABLE KEYS */;
UNLOCK TABLES;

--
-- Table structure for table `galary`
--

DROP TABLE IF EXISTS `galary`;
/*!40101 SET @saved_cs_client     = @@character_set_client */;
/*!40101 SET character_set_client = utf8 */;
CREATE TABLE `galary` (
  `id` bigint(20) unsigned NOT NULL AUTO_INCREMENT,
  `user_id` bigint(20) unsigned DEFAULT NULL COMMENT 'the one downloaded photo',
  `filename` varchar(255) COLLATE utf8mb4_unicode_ci DEFAULT NULL,
  `size` int(11) DEFAULT NULL,
  `created_at` datetime DEFAULT current_timestamp(),
  `updated_at` datetime DEFAULT current_timestamp() ON UPDATE current_timestamp(),
  PRIMARY KEY (`id`),
  KEY `user_id` (`user_id`),
  CONSTRAINT `galary_ibfk_1` FOREIGN KEY (`user_id`) REFERENCES `users` (`id`) ON DELETE SET NULL ON UPDATE CASCADE
) ENGINE=InnoDB AUTO_INCREMENT=101 DEFAULT CHARSET=utf8mb4 COLLATE=utf8mb4_unicode_ci;
/*!40101 SET character_set_client = @saved_cs_client */;

--
-- Dumping data for table `galary`
--

LOCK TABLES `galary` WRITE;
/*!40000 ALTER TABLE `galary` DISABLE KEYS */;
INSERT INTO `galary` VALUES (1,1,'ipsa',62,'2020-10-17 05:01:08','2021-02-13 14:32:47'),(2,2,'dicta',160,'2020-11-10 15:36:07','2021-07-24 21:17:12'),(3,3,'sapiente',86,'2020-12-26 06:34:27','2020-11-28 23:34:28'),(4,4,'debitis',122,'2021-06-09 04:43:36','2021-05-28 08:53:21'),(5,5,'quis',88,'2021-03-12 00:07:54','2021-04-26 09:08:22'),(6,6,'nobis',71,'2021-04-13 02:38:21','2021-04-19 19:36:22'),(7,7,'est',139,'2021-03-14 11:53:25','2021-04-23 08:01:37'),(8,8,'culpa',183,'2020-11-24 01:19:05','2021-06-28 04:41:33'),(9,9,'laudantium',24,'2021-01-25 04:31:15','2021-08-11 23:03:32'),(10,10,'saepe',139,'2021-08-10 06:18:34','2021-01-03 18:54:26'),(11,11,'sunt',173,'2021-03-18 17:54:16','2021-07-05 16:13:53'),(12,12,'quam',35,'2020-11-16 10:35:22','2021-05-11 13:46:29'),(13,13,'odit',55,'2021-04-02 03:23:05','2021-01-21 17:15:06'),(14,14,'sapiente',147,'2021-07-31 21:13:02','2020-10-31 13:23:45'),(15,15,'commodi',127,'2021-07-11 23:41:10','2021-07-16 06:06:19'),(16,16,'commodi',64,'2021-08-07 04:22:07','2021-08-03 03:01:54'),(17,17,'harum',71,'2020-12-30 01:42:15','2021-02-03 12:58:30'),(18,18,'ut',40,'2020-11-29 21:16:48','2020-12-02 08:10:02'),(19,19,'sed',188,'2021-02-11 09:27:09','2021-07-14 07:49:26'),(20,20,'id',99,'2020-10-16 00:41:12','2021-03-18 10:49:57'),(21,21,'aspernatur',192,'2021-08-16 01:21:26','2020-09-30 23:54:59'),(22,22,'minus',104,'2021-06-11 05:16:44','2021-07-22 11:53:52'),(23,23,'hic',25,'2021-05-26 08:38:20','2021-05-26 17:49:45'),(24,24,'veritatis',71,'2021-02-24 17:55:40','2021-09-10 05:15:10'),(25,25,'optio',156,'2021-05-05 22:41:19','2020-12-30 18:04:57'),(26,26,'sed',34,'2021-03-06 07:32:51','2021-02-02 04:08:14'),(27,27,'tempore',145,'2020-12-31 08:05:38','2021-02-17 02:46:57'),(28,28,'tenetur',89,'2021-04-07 02:14:41','2021-02-13 08:10:42'),(29,29,'et',74,'2021-05-11 04:16:50','2021-05-30 10:46:21'),(30,30,'in',133,'2021-01-07 10:21:45','2021-04-04 13:21:56'),(31,31,'esse',74,'2021-04-02 17:15:23','2021-04-17 02:29:30'),(32,32,'consectetur',67,'2020-11-22 05:11:45','2021-08-14 15:33:05'),(33,33,'incidunt',27,'2020-10-04 12:05:52','2021-08-18 10:18:50'),(34,34,'dolor',62,'2021-08-07 21:18:38','2021-01-13 17:48:40'),(35,35,'atque',41,'2021-03-24 12:54:01','2021-02-24 04:28:59'),(36,36,'libero',143,'2020-11-05 09:10:33','2021-06-23 04:27:28'),(37,37,'dignissimos',147,'2020-10-13 23:32:51','2021-07-20 23:05:00'),(38,38,'quis',107,'2021-05-22 15:24:54','2021-08-31 16:10:17'),(39,39,'quia',198,'2021-06-26 01:10:48','2021-08-10 10:05:46'),(40,40,'numquam',134,'2021-01-06 16:00:14','2020-10-21 03:36:56'),(41,41,'non',79,'2021-07-30 07:06:19','2021-05-15 18:32:38'),(42,42,'rerum',20,'2021-08-10 13:58:14','2021-05-29 01:17:15'),(43,43,'at',25,'2021-08-10 01:48:21','2021-05-08 22:11:18'),(44,44,'debitis',76,'2021-09-15 13:13:18','2021-06-30 21:31:02'),(45,45,'aut',162,'2020-09-28 11:29:29','2021-09-04 18:01:34'),(46,46,'veritatis',122,'2021-03-19 20:07:45','2021-06-22 22:12:00'),(47,47,'rerum',61,'2020-11-15 03:43:35','2021-01-10 01:57:57'),(48,48,'accusantium',32,'2020-10-02 22:15:24','2021-07-09 14:08:57'),(49,49,'explicabo',108,'2020-12-21 07:11:02','2021-01-10 12:09:59'),(50,50,'ratione',59,'2021-02-12 19:40:36','2021-03-03 11:53:25'),(51,51,'dolores',189,'2021-09-12 16:53:14','2021-03-02 10:32:57'),(52,52,'cupiditate',167,'2021-04-12 06:45:43','2021-08-02 05:56:32'),(53,53,'asperiores',178,'2020-11-30 14:44:27','2020-12-19 03:42:17'),(54,54,'aut',139,'2021-04-05 04:37:18','2021-07-27 21:32:11'),(55,55,'quibusdam',70,'2021-06-23 00:44:32','2020-12-23 21:10:52'),(56,56,'aliquid',195,'2021-01-11 05:24:34','2021-03-02 20:53:50'),(57,57,'doloremque',130,'2020-11-30 08:53:14','2020-11-21 17:04:17'),(58,58,'eaque',171,'2021-08-04 01:41:53','2021-07-23 17:03:43'),(59,59,'doloribus',139,'2021-05-04 19:04:34','2021-06-10 12:23:37'),(60,60,'iusto',138,'2021-06-19 20:55:41','2021-03-27 23:08:32'),(61,61,'omnis',21,'2021-03-23 17:37:49','2020-11-09 00:04:11'),(62,62,'nesciunt',59,'2021-01-14 21:17:00','2020-12-29 17:37:52'),(63,63,'consequatur',70,'2021-06-29 07:55:46','2021-03-02 21:21:03'),(64,64,'perspiciatis',137,'2021-03-10 10:28:39','2021-05-16 06:41:29'),(65,65,'adipisci',196,'2021-08-08 10:52:55','2021-07-31 13:14:58'),(66,66,'et',82,'2021-01-05 14:05:35','2021-06-06 07:06:18'),(67,67,'repellendus',58,'2020-12-09 04:50:35','2021-01-31 12:40:30'),(68,68,'exercitationem',70,'2021-02-10 03:06:40','2021-05-16 02:30:59'),(69,69,'aut',92,'2021-06-09 22:40:50','2021-03-08 02:56:07'),(70,70,'unde',135,'2020-11-15 12:40:32','2020-09-30 12:58:47'),(71,71,'natus',58,'2021-03-23 21:02:20','2020-12-27 02:39:05'),(72,72,'maiores',106,'2020-11-30 16:27:46','2021-07-30 20:15:53'),(73,73,'beatae',182,'2021-08-17 19:19:15','2021-05-25 17:29:43'),(74,74,'quae',130,'2020-11-30 19:08:55','2021-02-08 03:52:47'),(75,75,'nostrum',198,'2021-08-16 09:20:30','2021-05-18 09:49:04'),(76,76,'ut',145,'2021-07-07 04:23:30','2021-06-11 19:23:16'),(77,77,'blanditiis',41,'2021-09-02 16:55:38','2021-07-29 21:03:57'),(78,78,'pariatur',85,'2020-10-06 14:35:30','2021-08-27 06:45:05'),(79,79,'quam',65,'2021-05-03 03:54:16','2021-03-15 13:12:39'),(80,80,'corrupti',180,'2020-11-10 20:11:30','2020-12-03 13:42:04'),(81,81,'eligendi',200,'2021-09-21 12:01:49','2021-04-17 14:45:34'),(82,82,'pariatur',116,'2020-12-05 02:57:52','2020-11-23 15:50:07'),(83,83,'quos',187,'2021-01-01 14:14:27','2021-06-26 14:26:23'),(84,84,'quisquam',146,'2020-11-26 10:39:50','2021-05-14 12:11:12'),(85,85,'qui',126,'2021-07-13 12:07:08','2021-05-13 15:00:01'),(86,86,'rem',129,'2021-03-24 09:00:41','2020-11-14 14:33:28'),(87,87,'eius',98,'2021-01-17 22:53:05','2021-02-01 05:14:50'),(88,88,'occaecati',126,'2021-06-02 15:45:14','2021-09-23 02:00:03'),(89,89,'totam',80,'2021-02-17 12:32:53','2021-08-19 18:56:23'),(90,90,'laudantium',91,'2021-04-19 22:25:08','2021-06-19 15:52:57'),(91,91,'laudantium',87,'2021-06-26 08:41:36','2021-01-06 16:41:56'),(92,92,'voluptas',141,'2021-04-29 19:38:09','2020-11-30 18:50:24'),(93,93,'velit',125,'2020-10-10 20:13:30','2021-05-04 14:05:40'),(94,94,'eum',76,'2020-10-06 11:28:54','2021-03-05 06:34:22'),(95,95,'omnis',92,'2021-08-22 07:31:18','2020-10-20 07:58:32'),(96,96,'rerum',138,'2021-01-15 07:18:08','2020-12-11 10:25:21'),(97,97,'incidunt',123,'2021-09-22 07:00:52','2020-11-19 16:15:17'),(98,98,'exercitationem',142,'2021-03-18 02:35:46','2021-01-29 22:20:27'),(99,99,'labore',171,'2021-09-10 16:55:03','2021-04-16 18:26:07'),(100,100,'ut',157,'2020-11-15 15:12:16','2021-06-27 02:38:09');
/*!40000 ALTER TABLE `galary` ENABLE KEYS */;
UNLOCK TABLES;

--
-- Table structure for table `genre_types`
--

DROP TABLE IF EXISTS `genre_types`;
/*!40101 SET @saved_cs_client     = @@character_set_client */;
/*!40101 SET character_set_client = utf8 */;
CREATE TABLE `genre_types` (
  `id` bigint(20) unsigned NOT NULL AUTO_INCREMENT,
  `name` varchar(100) COLLATE utf8mb4_unicode_ci DEFAULT NULL,
  PRIMARY KEY (`id`)
) ENGINE=InnoDB AUTO_INCREMENT=9 DEFAULT CHARSET=utf8mb4 COLLATE=utf8mb4_unicode_ci;
/*!40101 SET character_set_client = @saved_cs_client */;

--
-- Dumping data for table `genre_types`
--

LOCK TABLES `genre_types` WRITE;
/*!40000 ALTER TABLE `genre_types` DISABLE KEYS */;
INSERT INTO `genre_types` VALUES (1,'comedy'),(2,'balley'),(3,'classic'),(4,'opera'),(5,'rap'),(6,'rock'),(7,'drama'),(8,'pop');
/*!40000 ALTER TABLE `genre_types` ENABLE KEYS */;
UNLOCK TABLES;

--
-- Table structure for table `messages`
--

DROP TABLE IF EXISTS `messages`;
/*!40101 SET @saved_cs_client     = @@character_set_client */;
/*!40101 SET character_set_client = utf8 */;
CREATE TABLE `messages` (
  `id` bigint(20) unsigned NOT NULL AUTO_INCREMENT,
  `from_user_id` bigint(20) unsigned NOT NULL,
  `to_user_id` bigint(20) unsigned NOT NULL,
  `body` text COLLATE utf8mb4_unicode_ci DEFAULT NULL,
  `created_at` datetime DEFAULT current_timestamp(),
  PRIMARY KEY (`id`),
  KEY `messages_from_user_id` (`from_user_id`),
  KEY `messages_to_user_id` (`to_user_id`),
  CONSTRAINT `messages_ibfk_1` FOREIGN KEY (`from_user_id`) REFERENCES `users` (`id`) ON DELETE CASCADE ON UPDATE CASCADE,
  CONSTRAINT `messages_ibfk_2` FOREIGN KEY (`to_user_id`) REFERENCES `users` (`id`) ON DELETE CASCADE ON UPDATE CASCADE
) ENGINE=InnoDB AUTO_INCREMENT=101 DEFAULT CHARSET=utf8mb4 COLLATE=utf8mb4_unicode_ci;
/*!40101 SET character_set_client = @saved_cs_client */;

--
-- Dumping data for table `messages`
--

LOCK TABLES `messages` WRITE;
/*!40000 ALTER TABLE `messages` DISABLE KEYS */;
INSERT INTO `messages` VALUES (1,13,100,'Soluta consequatur voluptatum doloribus dolor voluptas. Aut quas sequi ut. Aut qui sunt est tenetur eum aperiam illo. Voluptas quia non quisquam sunt qui.','2013-05-31 17:41:20'),(2,75,23,'Sunt quae qui aut consequatur ab nostrum et. Earum et qui placeat totam illo debitis eum. Voluptatem dolores ratione dolorum repellendus doloribus.','2018-06-21 00:34:11'),(3,18,70,'Id itaque velit omnis alias. Officia vel sapiente voluptas laboriosam qui. Est nostrum ad velit non cupiditate iusto aliquam et.','2017-02-26 14:00:34'),(4,56,52,'Debitis quos sunt repellendus et. Numquam laborum molestiae non rerum. Nemo voluptatibus facilis qui illum dolorem. Dicta repellat fugit reiciendis alias.','2014-11-22 16:36:07'),(5,88,85,'Doloremque aliquid occaecati molestias quo. Quia voluptate quia eius. Rerum soluta ad rerum dignissimos corporis. Fugiat et ad quam est animi.','2017-01-19 16:52:13'),(6,61,100,'Voluptate consequatur ex ut officia quae tempore est porro. Ipsam laboriosam enim ut repellendus qui amet et. Cum expedita totam eum nobis vel laudantium. Odio nesciunt at neque.','2021-07-16 08:37:16'),(7,37,99,'Reprehenderit rerum ipsa est quas reiciendis laboriosam. Aut vero culpa molestiae eaque suscipit deleniti.','2016-02-18 05:14:37'),(8,9,22,'Odit eum quia et et quia molestiae et. Sunt blanditiis sit iure repellendus voluptatem atque at. Quidem qui quo voluptas tempora magni quis. Ut aut omnis eum.','2019-03-16 14:40:03'),(9,33,57,'Incidunt dicta necessitatibus necessitatibus. Non possimus laborum ex et unde aut omnis. Laborum sit deleniti provident id commodi.','2020-03-11 02:42:14'),(10,57,94,'Ducimus praesentium sed voluptates dolores accusantium numquam soluta. Assumenda rerum unde ea deleniti et. Id quaerat nobis illum at aut. Atque doloremque delectus corrupti.','2015-02-07 10:17:35'),(11,22,48,'Quas optio et sit officiis consequatur aut. Ab pariatur voluptas sit perspiciatis at. Repellendus aut deleniti totam quos velit et.','2014-01-20 13:29:54'),(12,59,77,'Et molestiae sunt neque veritatis. Id aut maxime voluptatem nisi reprehenderit voluptatem dolores. Nam deleniti recusandae occaecati praesentium. Omnis architecto omnis et accusamus quam.','2016-06-25 03:14:43'),(13,97,53,'Et exercitationem et sed est maiores nihil voluptates. Voluptatibus ipsam omnis eaque quis. Sint id eligendi cum ea ex sunt hic.','2017-05-02 19:32:02'),(14,91,68,'Est dicta eos debitis sunt. Inventore nisi voluptas in dignissimos corrupti laudantium. Ut laborum quam voluptatibus quos non facere aut. Nulla consequatur nulla exercitationem velit.','2016-12-25 02:41:58'),(15,84,29,'Voluptatum cupiditate quis voluptatum commodi. Dignissimos cum ipsum mollitia. Magnam odit illo fugiat rerum qui. Quos sed voluptate aut.','2018-06-20 22:29:19'),(16,39,97,'Delectus distinctio tenetur nisi deserunt quia similique. Qui consequatur dolorum a incidunt illo. Fugiat ab dolor officiis magnam aut dolore nihil impedit. Labore rerum voluptas deserunt voluptatum. Sit adipisci quo omnis saepe.','2021-01-24 06:29:41'),(17,97,64,'Animi reiciendis quibusdam dolorem voluptatem. Cupiditate aut facilis sed excepturi magni aut aspernatur. Ut rerum sit dignissimos dolorem vero et. Quibusdam eum non praesentium eligendi.','2019-07-31 10:31:40'),(18,92,75,'Eos libero veniam praesentium sit in. Quo quia voluptatem accusantium dolores illum sequi. Natus ab perspiciatis incidunt unde sed porro ea. Explicabo explicabo vitae sapiente facilis laudantium. Non ea et totam distinctio itaque repellat.','2012-12-12 01:32:50'),(19,30,33,'Voluptatibus cupiditate saepe nulla aut neque consequatur dolorum. Laborum possimus consequuntur ut quibusdam rerum. Natus optio placeat vel commodi non omnis esse illo. Reprehenderit provident est exercitationem voluptate omnis sint neque.','2021-07-20 20:06:57'),(20,56,84,'Sint rerum molestiae reiciendis tenetur ea. Voluptas repellat modi minus ad sequi sed facilis dolorum. Amet possimus ex reprehenderit est occaecati.','2020-06-09 22:43:53'),(21,87,95,'Rerum blanditiis sed qui inventore dolores. Quis nam consequatur qui enim magnam voluptas. Natus impedit vero cumque dolores quia voluptatem natus.','2012-06-29 22:14:03'),(22,49,53,'Iusto sunt quidem deleniti eos. Rerum autem dolorum quis enim sed sed.','2016-05-13 13:00:05'),(23,45,58,'Delectus sit impedit quasi in. Consequatur molestiae suscipit provident aut. Vero molestiae libero ab et aliquid.','2012-10-14 18:47:32'),(24,85,23,'Maxime consequatur vero sunt voluptas cupiditate voluptatem aut. Non nostrum vero voluptatum velit atque recusandae. Quis est molestiae qui qui.','2014-06-13 06:40:36'),(25,94,54,'Voluptates tenetur incidunt soluta necessitatibus. Et velit odio sit et facere. Vitae repellendus voluptas odit labore blanditiis et. Rerum natus quasi distinctio dignissimos molestiae.','2011-10-13 04:32:05'),(26,52,18,'Autem velit vitae tempore qui quia inventore. Facilis sit voluptas eveniet explicabo eum ipsum. Exercitationem inventore omnis blanditiis et et vero cupiditate. Asperiores dignissimos debitis animi vel commodi.','2012-03-16 01:39:14'),(27,88,39,'Soluta perspiciatis exercitationem ea consequatur. Tempora illum quis sed et est officia. Expedita quia odit temporibus.','2013-12-09 20:45:13'),(28,81,33,'Soluta velit qui expedita. Sequi quasi ea consequatur ut omnis fuga molestias. Voluptas minus dolorem quo facilis similique occaecati. Reprehenderit ipsam sint adipisci repudiandae ab porro.','2016-09-10 00:44:25'),(29,41,30,'Dolorum repellat quae dolorem et labore sunt. Non vitae non aut dolore et fugiat in. Sed dignissimos quis in autem corrupti quia cupiditate.','2021-07-31 02:32:09'),(30,65,82,'Qui maxime doloribus voluptatem. Numquam dolorem id voluptates consequatur distinctio. Perspiciatis suscipit qui rem voluptates qui eum saepe. Non aut itaque molestiae unde. Aut rerum fugiat voluptatem sed.','2019-05-11 05:52:49'),(31,68,91,'Ea exercitationem eos nesciunt nulla nulla. Voluptatem sunt recusandae illo et repellat veniam. Autem libero ea ullam consequatur dolorem sunt. Laborum id necessitatibus impedit animi cupiditate exercitationem.','2016-08-15 10:44:29'),(32,53,27,'Doloremque odit est tempore et sapiente delectus. Molestias dolores ut labore et quis. Est eius in tempore vitae dicta mollitia.','2012-03-16 21:59:56'),(33,74,43,'Optio pariatur voluptatibus dolorem neque eum libero rem. Error incidunt ut omnis possimus ipsa nobis. Accusamus dolorem et quas sapiente modi expedita. In odio in est nostrum rerum.','2014-05-19 21:30:50'),(34,64,63,'Beatae quia omnis aperiam incidunt dolorem sed. Quidem fugit tenetur quam sed nisi cupiditate. Quia alias debitis quas eos ad. Molestias autem quia doloribus.','2018-12-18 19:49:54'),(35,28,50,'Officiis maxime culpa veniam corrupti. Hic facilis ut labore voluptas inventore ut. Eius dolorem et amet.','2021-06-01 00:02:12'),(36,55,91,'Eum voluptate doloribus fuga et. Deleniti harum est officia non nemo deleniti fuga. Molestiae velit vel quo suscipit animi. Molestias labore accusamus ducimus esse. Tenetur aut quis nostrum sit et.','2021-05-28 15:30:40'),(37,22,72,'Pariatur doloribus officia voluptas rem odit aut accusamus cumque. Molestias occaecati explicabo expedita. Est consequuntur quaerat architecto perferendis accusantium voluptas. Debitis voluptatem distinctio et veritatis tempora.','2020-01-13 03:33:53'),(38,68,40,'Ut nostrum ut quas nemo. Sit voluptates laboriosam maxime nemo assumenda impedit nesciunt. Ex et aliquam quis aut.','2015-01-15 10:38:23'),(39,76,92,'Animi sit velit reiciendis ex qui iste. Similique saepe voluptas sed nobis consectetur. Temporibus rerum ut corporis est adipisci. Placeat dolores libero aut cumque et necessitatibus aut.','2013-09-10 16:24:25'),(40,92,9,'Dolore natus molestiae molestiae ut dolorum praesentium. Dignissimos deleniti sint voluptatem quae omnis harum veritatis. Repudiandae ut amet eos. Aut quis quo ipsam nisi.','2017-09-17 19:16:19'),(41,49,29,'Eligendi consectetur eum ut possimus dolorem adipisci qui modi. Sed quasi consequatur ducimus maiores ab.','2020-05-04 12:00:51'),(42,78,55,'Suscipit consequuntur minima voluptatum est. Sed voluptatem eos sit atque quo ad.','2019-06-20 18:33:11'),(43,85,75,'Sequi quam aut quo incidunt deserunt. Iusto totam ab aut repudiandae similique expedita adipisci. Mollitia soluta iure accusantium qui. Temporibus pariatur laboriosam et repellat aut ullam.','2020-01-13 07:23:04'),(44,87,10,'Beatae iure velit aliquam voluptas. Adipisci omnis eaque nulla maiores incidunt iste. Iure ullam laudantium minus harum maiores. Veniam delectus omnis et adipisci hic.','2015-01-03 09:27:44'),(45,73,89,'Nisi aut non et fugit velit cumque. Tempora accusantium illo ex. Consequatur voluptatum quisquam maiores quidem animi rerum.','2019-12-20 05:23:16'),(46,99,32,'Sint velit sit odit aut est ea ipsam. Nemo et sint deserunt pariatur. Similique autem in aut accusamus.','2018-06-16 05:16:35'),(47,80,87,'Cum voluptas velit iste unde exercitationem non delectus deleniti. Mollitia ut quia rerum. Sit sunt iusto sit quia placeat libero et.','2019-04-04 11:14:19'),(48,39,57,'Molestiae voluptas cumque ut vel. Rerum delectus dolorum rem reiciendis tempore et non. Eos et fuga saepe libero et sit earum.','2019-10-15 11:40:35'),(49,58,25,'Voluptas magnam ipsum et voluptatem voluptatem. Et deserunt ut molestiae quis explicabo quas. Dolores quo et fuga itaque et ratione. Quia itaque in distinctio nemo laborum.','2020-02-21 19:41:08'),(50,91,32,'Dolorum magni corporis laborum quos sint corrupti consequatur quo. Quis cupiditate voluptatem iure libero facere. Odit officiis et aut soluta voluptatem animi.','2020-12-31 03:31:07'),(51,80,29,'Aliquid occaecati sed ipsum. Aliquam magni alias sint distinctio voluptatum vel perspiciatis. Sapiente aperiam est ratione et voluptate quasi quisquam.','2014-03-21 07:06:06'),(52,42,12,'Sunt ad provident nihil quos magnam. Sed earum facilis unde. Perferendis eos recusandae sapiente cumque.','2013-04-05 23:45:49'),(53,68,50,'Veritatis et ullam accusamus ea facilis ipsa. Ipsum delectus error voluptatem dolores. Molestiae non tempora et laboriosam et perferendis facilis.','2014-10-05 18:44:33'),(54,41,62,'Eos et enim voluptas vel ex. Accusamus voluptatem sit voluptatem ipsa ab commodi quaerat enim. Placeat commodi ratione enim.','2019-02-14 19:11:58'),(55,53,21,'Nihil atque culpa qui ut eius adipisci aut. Id omnis omnis veritatis illum modi. Et et distinctio quae fugit perspiciatis. Dolor consequatur sapiente recusandae delectus autem aut voluptates.','2018-10-08 00:14:32'),(56,77,26,'Ea ut aut illum totam harum. Porro saepe dolores distinctio et. Rerum recusandae eos autem in quia. Doloremque optio est sapiente deleniti et neque.','2018-07-09 14:32:57'),(57,45,62,'Animi autem sed et sit. Ut porro sit ut consequuntur eaque aperiam qui eos. Praesentium excepturi inventore vitae neque.','2011-10-17 22:48:22'),(58,95,83,'Possimus magnam at ut et et maiores ullam. Est aliquid necessitatibus ut aliquid saepe eum. Veritatis similique sequi magnam facilis.','2019-08-05 06:46:51'),(59,36,33,'Rerum facere officiis et animi quo omnis voluptatem. Libero numquam nostrum eaque et occaecati neque quisquam. Nihil aut commodi est sed. Soluta ab ut nisi voluptatem.','2015-09-10 18:03:44'),(60,12,95,'Aliquid molestiae ut nihil magnam aut. Aspernatur sed quia eligendi dolores. Voluptatem omnis quia commodi eos qui. Mollitia rerum illo sunt sint corrupti vero in.','2017-07-27 08:46:06'),(61,84,36,'Accusantium sit aspernatur aliquid facilis. Illum adipisci veritatis ut doloribus in fugit quaerat corporis. Vel amet sed voluptas minus voluptate rerum est.','2017-05-08 13:05:37'),(62,45,90,'Voluptatem repudiandae pariatur voluptas aut. A et reprehenderit voluptatum velit adipisci aspernatur. Voluptates soluta perferendis eos quaerat et modi animi. Quo minima eum et.','2015-03-11 04:24:38'),(63,42,92,'Laboriosam architecto laborum numquam qui quidem nemo ea. Commodi ea aut sed molestiae qui inventore provident nam.','2018-05-06 16:58:14'),(64,63,24,'Explicabo aut consectetur repellat. Eum omnis esse qui est quod modi et. Deleniti id suscipit consequatur eum aperiam pariatur fugiat modi.','2013-10-21 15:30:04'),(65,19,37,'Et atque saepe dignissimos error. At corrupti ut ipsa esse ut laboriosam earum. Dolores voluptas sed autem voluptas facilis ipsum explicabo. Qui inventore voluptas sed est ut. Ducimus dolores laudantium vero dolor non est quis.','2017-04-27 17:13:13'),(66,36,93,'Aut architecto similique aut odit ad at ea sed. Ut placeat accusantium molestias veniam quia quis voluptatem. Sit sint et consectetur placeat expedita amet. Numquam et ex praesentium et necessitatibus tempora.','2014-01-06 20:42:30'),(67,73,9,'Et quas pariatur explicabo totam repellendus animi ipsa. Qui dolor molestiae corporis. Est nemo recusandae qui.','2014-08-10 19:07:31'),(68,17,55,'Eius est nam aut similique. Natus quae facilis temporibus excepturi quia. Aut ut recusandae aliquam accusantium dicta ut voluptatibus excepturi. Consequatur quia est voluptas sit eius tempore.','2017-10-19 09:25:21'),(69,16,22,'Sint delectus accusantium dignissimos sunt minima deleniti soluta qui. Eligendi ut repellendus ut atque ipsum nulla eius. Eos rem iusto culpa tenetur pariatur sit debitis. Blanditiis sit omnis nihil laudantium voluptatem et deleniti.','2017-12-21 12:24:43'),(70,63,50,'Porro magni ullam optio omnis rem est dignissimos. Qui cum provident aut et. Amet quia et necessitatibus illo consequatur nostrum.','2018-03-22 05:24:04'),(71,12,91,'Esse necessitatibus animi iste nihil molestias. Recusandae odit ipsum eius a quo accusamus. Non incidunt et fugit omnis velit et praesentium ut. In sunt quis porro vel maxime maiores.','2013-11-13 08:48:45'),(72,74,27,'Ea qui ullam molestiae enim ut est. Neque placeat molestiae unde. Accusamus doloremque qui velit quia in non et voluptatibus. Facilis itaque voluptas fugit.','2016-11-25 20:55:27'),(73,45,91,'Ullam sunt nemo rerum suscipit aut enim est deleniti. Inventore beatae sit aliquid. Ex ducimus et quia dignissimos provident. Aliquam molestiae et repudiandae autem officiis.','2018-05-01 16:35:30'),(74,53,89,'Eveniet eos ut qui at pariatur libero officia. Enim et aperiam et et perspiciatis necessitatibus ullam. Qui facilis animi quo id.','2015-12-21 08:05:50'),(75,92,77,'Qui magnam molestiae optio ut qui quo ut occaecati. Sed dolore dignissimos eveniet. Eos natus velit quia ut quia ullam laboriosam.','2015-05-30 17:49:19'),(76,27,42,'Numquam quia totam magni enim nulla numquam sed. Et voluptatem est est tempora. Est expedita saepe incidunt non deserunt.','2014-10-09 07:53:21'),(77,91,74,'Nemo vel dicta molestiae quod. Illo odit reprehenderit vel sint nemo. Commodi velit ullam aut qui non autem. Sunt ex molestiae in unde enim sunt.','2015-07-04 20:38:32'),(78,17,33,'In est inventore dignissimos qui quod fugiat. Corrupti at et et eligendi culpa quidem explicabo cum. Qui ut sed commodi eaque asperiores placeat sunt.','2016-04-23 08:17:52'),(79,48,19,'Eos repellendus alias sed vero animi. Est distinctio ea itaque ipsa earum. Velit veniam qui magnam qui rem qui.','2014-05-15 16:45:17'),(80,51,60,'Et quam porro porro qui quis error mollitia. Odio nihil perspiciatis autem. Doloremque dolor odit qui tempore rerum. Voluptas illum exercitationem veritatis veniam quibusdam ut dolores aliquid.','2015-02-19 03:36:19'),(81,37,84,'Et doloremque eligendi blanditiis qui et. Sed ducimus delectus illo suscipit debitis. Perferendis quisquam quidem nihil iusto facere.','2012-03-27 14:04:37'),(82,16,10,'Voluptas rerum molestiae repudiandae voluptatem ut libero. Facere necessitatibus iure quia. Ut fugiat et sed soluta possimus dolorum ducimus libero.','2014-07-22 12:20:15'),(83,38,27,'Consequatur culpa et aliquid magnam vel maiores sed. Atque dolores voluptatum tenetur beatae. Magni ea quis iusto distinctio eum optio.','2018-12-19 02:43:18'),(84,30,89,'Voluptates dignissimos enim commodi ut excepturi. Ut suscipit ad officia accusamus. Rerum aut aut occaecati nobis et earum. Omnis qui nisi quidem esse.','2019-01-13 22:58:31'),(85,27,37,'Et repellat quas mollitia ipsam ut quis fugit. Dolorem expedita est doloremque accusantium. Labore praesentium quia qui quia eveniet. Neque eum repellendus numquam modi quis ut consequuntur.','2021-08-21 02:23:35'),(86,46,68,'Est accusantium voluptatum harum deserunt aut vitae aut. In minima nulla esse illum. Velit qui enim ipsa. Illum voluptas asperiores et accusantium provident velit vel. Rerum et est quia exercitationem.','2019-01-22 22:24:27'),(87,91,90,'Nulla quis aut rerum assumenda illum non. Sunt velit provident voluptatem aspernatur est aut voluptas. Mollitia consectetur praesentium ut fuga cupiditate fuga exercitationem. Nobis molestias non in quibusdam dolorum iste molestias. Dolores consequuntur molestiae perferendis soluta ratione.','2020-02-02 17:11:23'),(88,89,84,'Fuga quos nemo vero adipisci. Optio corporis velit dignissimos est. Quos est provident sit non.','2011-12-29 14:03:01'),(89,37,35,'Non tenetur dolore hic ducimus. Sunt nihil rerum quasi et cupiditate cupiditate. Temporibus impedit quia odit laudantium numquam. Enim ab soluta dicta dignissimos dolor sed reprehenderit.','2015-01-20 15:10:40'),(90,68,68,'Similique id corrupti quod voluptatem deserunt facere amet. Cumque modi iusto corporis quidem. Commodi vitae assumenda dolorem excepturi. Ad nobis impedit autem.','2015-09-16 13:36:00'),(91,24,26,'Et voluptas itaque libero aut reprehenderit non. Et occaecati omnis eum. Dolorem ea eveniet qui accusamus.','2021-07-21 15:29:47'),(92,79,61,'Aut eaque adipisci quia excepturi placeat. Quis voluptates quis laudantium. Reiciendis nihil iure nemo consequuntur ut eos.','2018-04-30 07:14:52'),(93,60,78,'Autem autem inventore omnis reiciendis. Qui ad illo vero assumenda reiciendis. Autem voluptas voluptate impedit rem fugit error. Facilis reiciendis aut modi quasi consectetur dolor.','2015-12-27 22:04:13'),(94,59,66,'Et explicabo deserunt dolorem officia id. Magni et odit molestias tempore quibusdam repudiandae voluptas. Et inventore autem ex earum.','2021-03-20 15:44:25'),(95,33,13,'Atque doloribus ullam eum iste. Iusto magni adipisci molestiae. Rerum quasi et illo quas. Atque consequatur illum reprehenderit et vel qui.','2012-05-27 09:12:07'),(96,81,45,'Qui error fugit aut id molestiae eos. Sit molestiae voluptatem quia sit. Labore eligendi aut quod cupiditate perferendis unde. Optio sapiente saepe nesciunt fugit dolores et. Maxime natus dolorem eius possimus numquam.','2018-01-16 20:46:33'),(97,22,43,'Nesciunt magnam reiciendis quis sit. Quasi sit et aut quia et nulla. Quisquam rerum enim dolorem rerum sint.','2017-10-13 16:48:29'),(98,36,70,'Ea blanditiis saepe voluptatibus enim. Optio consectetur aut dolor qui explicabo laboriosam. Molestiae et provident et rem. Error ut necessitatibus voluptas nostrum illo. Reiciendis consectetur quas molestias ducimus necessitatibus aut ea.','2017-08-24 03:47:47'),(99,71,92,'Voluptate reprehenderit dolorum est nihil est odio laborum. Placeat atque sint perferendis laboriosam sunt consequatur. Aut aliquid quo eveniet consequatur magni ea exercitationem. Maiores est optio atque dolores.','2020-02-01 16:30:13'),(100,22,79,'Totam tenetur omnis eos sint reiciendis expedita ea. Ratione harum dolorum saepe. Consequatur quaerat in iure qui cum aut sit.','2021-06-07 08:28:17');
/*!40000 ALTER TABLE `messages` ENABLE KEYS */;
UNLOCK TABLES;

--
-- Table structure for table `participants`
--

DROP TABLE IF EXISTS `participants`;
/*!40101 SET @saved_cs_client     = @@character_set_client */;
/*!40101 SET character_set_client = utf8 */;
CREATE TABLE `participants` (
  `user_id` bigint(20) unsigned NOT NULL,
  `event_id` bigint(20) unsigned NOT NULL,
  PRIMARY KEY (`user_id`,`event_id`),
  KEY `event_id` (`event_id`),
  CONSTRAINT `participants_ibfk_1` FOREIGN KEY (`user_id`) REFERENCES `users` (`id`) ON DELETE CASCADE ON UPDATE CASCADE,
  CONSTRAINT `participants_ibfk_2` FOREIGN KEY (`event_id`) REFERENCES `events` (`id`) ON DELETE CASCADE ON UPDATE CASCADE
) ENGINE=InnoDB DEFAULT CHARSET=utf8mb4 COLLATE=utf8mb4_unicode_ci;
/*!40101 SET character_set_client = @saved_cs_client */;

--
-- Dumping data for table `participants`
--

LOCK TABLES `participants` WRITE;
/*!40000 ALTER TABLE `participants` DISABLE KEYS */;
INSERT INTO `participants` VALUES (5,12),(5,25),(8,17),(8,21),(11,13),(12,20),(13,20),(13,29),(14,20),(15,5),(17,19),(20,21),(21,21),(22,4),(23,36),(23,49),(25,33),(26,17),(28,2),(28,9),(30,9),(30,41),(31,27),(31,37),(32,28),(33,39),(34,22),(35,32),(37,4),(37,24),(39,31),(40,18),(44,29),(45,34),(45,43),(46,43),(47,2),(47,32),(50,28),(52,4),(52,36),(52,38),(53,1),(53,26),(55,18),(55,50),(56,49),(56,50),(58,27),(59,7),(59,18),(60,34),(60,49),(61,7),(61,33),(64,24),(66,22),(66,43),(67,20),(67,39),(68,19),(68,20),(68,39),(69,43),(70,12),(71,16),(71,50),(74,39),(75,5),(75,20),(75,43),(76,38),(78,38),(82,49),(83,3),(83,22),(83,40),(85,14),(85,35),(85,39),(86,25),(87,27),(87,43),(88,50),(90,14),(90,27),(90,34),(91,47),(92,30),(93,4),(93,6),(93,33),(94,3),(94,38),(95,43),(95,45),(98,13),(98,27),(98,36),(98,42);
/*!40000 ALTER TABLE `participants` ENABLE KEYS */;
UNLOCK TABLES;

--
-- Table structure for table `partners_request`
--

DROP TABLE IF EXISTS `partners_request`;
/*!40101 SET @saved_cs_client     = @@character_set_client */;
/*!40101 SET character_set_client = utf8 */;
CREATE TABLE `partners_request` (
  `initiator_user_id` bigint(20) unsigned NOT NULL,
  `target_user_id` bigint(20) unsigned NOT NULL,
  `partners_status` enum('requested','approved','declined') COLLATE utf8mb4_unicode_ci DEFAULT NULL,
  `requested_at` datetime DEFAULT current_timestamp(),
  `confirmed_at` datetime DEFAULT NULL,
  PRIMARY KEY (`initiator_user_id`,`target_user_id`),
  KEY `initiator_user_id` (`initiator_user_id`),
  KEY `target_user_id` (`target_user_id`),
  CONSTRAINT `partners_request_ibfk_1` FOREIGN KEY (`initiator_user_id`) REFERENCES `users` (`id`) ON DELETE CASCADE ON UPDATE CASCADE,
  CONSTRAINT `partners_request_ibfk_2` FOREIGN KEY (`target_user_id`) REFERENCES `users` (`id`) ON DELETE CASCADE ON UPDATE CASCADE
) ENGINE=InnoDB DEFAULT CHARSET=utf8mb4 COLLATE=utf8mb4_unicode_ci;
/*!40101 SET character_set_client = @saved_cs_client */;

--
-- Dumping data for table `partners_request`
--

LOCK TABLES `partners_request` WRITE;
/*!40000 ALTER TABLE `partners_request` DISABLE KEYS */;
INSERT INTO `partners_request` VALUES (5,83,'requested','2020-11-02 23:56:18','2021-04-01 07:48:59'),(6,8,'requested','2021-07-21 20:06:04','2021-01-15 05:14:02'),(7,76,'requested','2020-10-22 05:26:19','2021-01-10 16:39:23'),(7,93,'declined','2021-01-19 14:36:50','2021-01-29 01:39:09'),(9,32,'requested','2021-05-28 18:05:53','2021-05-17 02:05:34'),(9,86,'declined','2021-07-12 18:23:13','2021-01-12 14:53:51'),(11,16,'declined','2020-10-02 04:50:17','2021-06-26 09:33:36'),(11,64,'declined','2021-03-24 23:33:52','2020-12-25 15:46:15'),(13,94,'declined','2021-06-01 09:29:01','2021-01-26 08:06:32'),(18,47,'declined','2020-12-20 14:51:28','2021-01-14 19:45:37'),(18,82,'approved','2021-03-04 16:08:27','2021-02-12 16:27:31'),(18,84,'declined','2021-09-01 07:47:05','2021-03-01 08:09:26'),(19,10,'approved','2021-05-16 11:08:10','2020-11-08 11:48:13'),(19,17,'declined','2021-05-01 01:26:43','2021-06-24 05:24:37'),(20,5,'approved','2021-01-14 15:28:42','2020-12-14 17:12:20'),(20,94,'declined','2021-09-15 06:24:34','2020-11-28 20:22:16'),(23,20,'approved','2021-09-17 21:45:13','2020-11-30 04:35:36'),(24,71,'requested','2020-11-19 08:37:58','2021-05-10 01:44:01'),(24,72,'approved','2020-11-04 23:14:15','2021-07-09 09:14:20'),(26,6,'approved','2020-12-13 15:45:51','2020-12-10 15:04:18'),(26,46,'requested','2021-08-31 08:35:46','2020-11-09 17:17:52'),(28,97,'approved','2021-05-02 03:18:58','2020-11-05 23:46:57'),(30,22,'declined','2021-08-02 04:28:38','2021-03-12 16:10:10'),(30,33,'requested','2021-07-22 15:18:55','2021-06-16 12:10:29'),(30,58,'approved','2020-11-12 22:38:01','2020-10-24 05:55:41'),(30,68,'approved','2021-04-01 08:58:13','2021-02-28 15:28:18'),(32,77,'approved','2021-09-13 16:21:37','2021-07-03 00:15:44'),(33,30,'declined','2020-10-08 01:39:00','2021-01-02 13:07:44'),(34,26,'requested','2021-03-30 12:39:06','2021-08-28 17:24:48'),(34,51,'requested','2020-11-19 23:19:03','2020-12-12 16:58:55'),(35,70,'declined','2020-10-03 12:39:17','2020-11-16 22:43:23'),(36,27,'approved','2021-05-31 05:12:22','2021-01-14 07:24:29'),(36,93,'declined','2020-12-02 21:58:56','2021-09-18 08:01:02'),(37,18,'requested','2021-06-28 23:54:11','2021-08-03 08:54:58'),(38,51,'requested','2021-03-10 11:30:35','2021-07-15 13:41:47'),(38,85,'requested','2020-10-02 09:39:59','2021-02-20 23:48:43'),(39,98,'requested','2021-06-14 11:20:21','2020-10-17 12:34:02'),(41,53,'requested','2021-06-19 19:54:07','2021-04-21 15:07:37'),(41,55,'approved','2020-11-18 19:54:58','2020-10-06 10:53:46'),(41,84,'approved','2020-11-19 10:50:34','2021-08-21 05:40:44'),(43,47,'approved','2020-12-01 14:24:43','2020-11-22 01:27:51'),(46,35,'approved','2020-11-16 07:09:48','2020-11-11 11:37:40'),(47,13,'declined','2021-05-17 19:21:36','2020-10-22 01:04:19'),(47,95,'requested','2021-03-30 12:34:25','2021-07-20 19:09:31'),(48,7,'requested','2021-01-24 14:14:06','2021-03-21 22:09:43'),(48,34,'declined','2020-11-10 17:38:51','2021-07-30 12:13:26'),(49,30,'approved','2021-09-17 12:07:44','2021-06-27 23:18:26'),(49,49,'approved','2021-06-12 00:24:30','2021-06-17 04:53:54'),(51,56,'approved','2021-07-25 00:45:17','2020-12-03 01:03:05'),(52,7,'requested','2021-03-06 02:06:39','2021-03-19 01:51:57'),(52,12,'approved','2021-06-11 23:43:47','2020-11-17 20:14:29'),(54,89,'declined','2021-02-17 10:21:29','2021-02-07 19:24:16'),(55,42,'requested','2021-01-12 18:22:58','2021-05-28 01:00:18'),(56,53,'approved','2021-09-13 06:20:31','2020-11-29 09:55:34'),(56,95,'approved','2021-04-01 04:01:13','2021-05-08 22:06:40'),(57,26,'declined','2021-06-21 17:17:57','2020-12-25 08:59:20'),(57,58,'declined','2021-06-29 12:22:00','2020-12-25 21:58:19'),(58,8,'requested','2021-05-24 15:02:59','2020-12-09 03:30:01'),(58,19,'requested','2021-09-15 01:43:24','2021-08-17 17:39:36'),(62,7,'requested','2021-08-03 04:35:43','2021-04-01 02:57:16'),(62,14,'requested','2021-08-21 10:19:38','2021-05-16 22:32:50'),(62,28,'declined','2021-04-13 08:15:27','2021-03-09 07:48:07'),(62,47,'requested','2021-07-19 23:36:07','2021-08-25 02:04:02'),(64,15,'requested','2021-03-01 03:02:18','2021-04-19 03:51:39'),(64,70,'requested','2021-05-02 07:13:36','2021-03-31 09:09:32'),(64,72,'declined','2021-07-24 22:19:17','2021-05-17 07:00:26'),(64,100,'declined','2021-06-25 21:59:25','2021-01-31 07:28:38'),(66,28,'declined','2020-10-31 13:52:08','2021-04-23 08:14:11'),(67,13,'approved','2020-10-19 07:02:42','2020-12-14 11:27:18'),(69,43,'declined','2020-12-19 11:47:17','2020-10-06 06:21:51'),(70,99,'approved','2021-08-15 14:53:36','2020-09-30 20:15:17'),(72,67,'approved','2021-02-16 20:59:47','2021-06-15 22:32:32'),(73,81,'declined','2020-11-11 21:25:10','2020-12-30 20:14:53'),(74,18,'requested','2021-08-21 16:02:06','2021-02-28 15:09:50'),(74,66,'declined','2020-11-11 13:45:10','2021-02-24 18:16:52'),(75,5,'approved','2021-04-18 19:51:48','2021-08-26 05:04:30'),(75,10,'approved','2021-06-26 00:07:12','2020-11-20 20:33:34'),(76,63,'declined','2021-06-04 17:21:09','2021-01-15 04:12:39'),(78,5,'declined','2021-09-12 01:51:57','2020-10-12 00:52:44'),(78,45,'approved','2021-01-11 02:31:09','2021-04-10 19:38:37'),(83,10,'approved','2020-12-22 08:04:59','2020-10-26 14:51:57'),(83,31,'declined','2020-10-19 19:40:09','2021-06-20 10:08:39'),(84,48,'requested','2020-10-01 11:25:47','2021-06-18 21:12:20'),(84,78,'declined','2021-09-03 09:31:16','2021-08-31 15:57:03'),(84,99,'requested','2021-05-03 16:33:07','2020-10-28 21:43:21'),(86,6,'declined','2020-12-06 04:03:41','2021-03-20 16:07:04'),(86,44,'declined','2021-06-28 03:24:40','2021-09-09 09:41:39'),(87,20,'declined','2020-12-06 07:33:58','2021-08-25 16:12:29'),(88,71,'approved','2021-02-12 12:37:55','2021-07-04 05:24:29'),(89,19,'approved','2020-10-13 02:06:57','2020-10-31 03:12:54'),(90,97,'requested','2021-08-15 22:12:03','2021-09-18 15:02:52'),(92,32,'declined','2020-10-18 21:26:14','2021-08-20 00:12:20'),(92,55,'approved','2021-09-17 08:06:53','2020-10-20 08:22:41'),(93,91,'declined','2021-01-24 05:45:06','2021-09-10 08:07:59'),(96,34,'approved','2021-02-04 19:05:20','2020-12-15 11:07:19'),(97,83,'approved','2021-08-12 13:04:18','2021-01-27 08:42:47'),(100,77,'declined','2020-10-21 01:30:39','2021-07-07 02:00:48'),(100,96,'requested','2021-03-07 07:42:18','2020-10-06 07:09:53');
/*!40000 ALTER TABLE `partners_request` ENABLE KEYS */;
UNLOCK TABLES;

--
-- Table structure for table `u_profiles`
--

DROP TABLE IF EXISTS `u_profiles`;
/*!40101 SET @saved_cs_client     = @@character_set_client */;
/*!40101 SET character_set_client = utf8 */;
CREATE TABLE `u_profiles` (
  `user_id` bigint(20) unsigned NOT NULL AUTO_INCREMENT,
  `gender` char(1) COLLATE utf8mb4_unicode_ci DEFAULT NULL,
  `birthday` date DEFAULT NULL,
  `photo_id` bigint(20) unsigned DEFAULT NULL,
  `created_at` datetime DEFAULT current_timestamp(),
  `hometown` varchar(100) COLLATE utf8mb4_unicode_ci DEFAULT NULL,
  PRIMARY KEY (`user_id`),
  KEY `photo_id` (`photo_id`),
  CONSTRAINT `u_profiles_ibfk_1` FOREIGN KEY (`user_id`) REFERENCES `users` (`id`) ON UPDATE CASCADE,
  CONSTRAINT `u_profiles_ibfk_2` FOREIGN KEY (`photo_id`) REFERENCES `galary` (`id`) ON DELETE SET NULL ON UPDATE CASCADE
) ENGINE=InnoDB AUTO_INCREMENT=101 DEFAULT CHARSET=utf8mb4 COLLATE=utf8mb4_unicode_ci;
/*!40101 SET character_set_client = @saved_cs_client */;

--
-- Dumping data for table `u_profiles`
--

LOCK TABLES `u_profiles` WRITE;
/*!40000 ALTER TABLE `u_profiles` DISABLE KEYS */;
INSERT INTO `u_profiles` VALUES (1,'f','1988-02-25',1,'2011-11-02 21:49:53','Moscow'),(2,'m','2009-11-08',2,'2020-01-26 16:15:55','Omsk'),(3,'m','1997-12-20',3,'2016-05-05 03:06:35','Omsk'),(4,'m','1982-04-22',4,'2016-10-29 04:17:17','Omsk'),(5,'m','1982-04-24',5,'2012-03-08 05:12:46','Omsk'),(6,'f','2010-09-14',6,'2019-01-31 23:17:35','Samara'),(7,'m','2017-01-24',7,'2013-12-08 10:07:48','Moscow'),(8,'f','1992-07-10',8,'2015-12-29 06:15:16','Omsk'),(9,'m','2005-12-12',9,'2020-07-16 02:54:27','Kazan'),(10,'m','1993-08-10',10,'2014-09-01 04:13:56','Samara'),(11,'f','1981-05-08',11,'2020-06-07 21:44:50','Tomsk'),(12,'f','2007-02-02',12,'2013-08-04 08:44:52','Kazan'),(13,'f','1979-01-08',13,'2020-09-25 14:57:20','Samara'),(14,'f','1998-10-11',14,'2012-08-16 14:52:42','Kazan'),(15,'f','2014-11-28',15,'2012-11-04 10:41:29','Tomsk'),(16,'f','2013-02-01',16,'2020-09-05 00:03:30','Tomsk'),(17,'m','2012-03-08',17,'2012-08-26 17:51:52','Kazan'),(18,'m','2018-01-12',18,'2011-11-30 03:23:17','Moscow'),(19,'m','1990-04-20',19,'2018-05-22 19:02:48','Omsk'),(20,'f','1996-09-26',20,'2020-04-05 11:07:31','Samara'),(21,'f','2008-10-04',21,'2012-09-23 13:40:58','Tomsk'),(22,'f','1995-02-06',22,'2015-06-20 11:26:09','Tomsk'),(23,'m','2007-09-13',23,'2015-11-29 01:01:49','Kazan'),(24,'m','1970-04-07',24,'2017-02-04 18:31:51','Tomsk'),(25,'f','1984-10-03',25,'2020-11-14 11:42:39','Omsk'),(26,'m','1994-12-19',26,'2021-02-23 13:38:56','Omsk'),(27,'f','2009-09-10',27,'2013-07-04 22:16:46','Tomsk'),(28,'m','1994-12-04',28,'2020-12-22 18:21:51','Kazan'),(29,'f','1991-06-27',29,'2013-05-08 18:48:07','Moscow'),(30,'m','1982-01-24',30,'2020-08-25 08:47:45','Samara'),(31,'m','2009-08-17',31,'2021-03-21 20:54:10','Omsk'),(32,'m','2008-10-01',32,'2019-11-30 15:48:15','Kazan'),(33,'m','2016-03-04',33,'2011-12-09 08:49:59','Samara'),(34,'f','1979-05-02',34,'2015-03-15 12:10:03','Moscow'),(35,'f','1976-02-28',35,'2015-04-18 02:29:06','Kazan'),(36,'m','2013-07-01',36,'2015-12-01 02:01:17','Omsk'),(37,'f','1972-03-22',37,'2014-06-09 22:42:24','Samara'),(38,'f','1977-05-09',38,'2016-10-12 15:49:05','Moscow'),(39,'f','2019-11-30',39,'2016-01-22 22:42:15','Omsk'),(40,'m','2012-05-30',40,'2016-08-29 00:03:09','Samara'),(41,'f','1982-09-08',41,'2013-01-30 23:14:26','Tomsk'),(42,'f','2011-02-05',42,'2018-08-12 17:09:47','Moscow'),(43,'m','1995-11-12',43,'2013-03-23 16:38:08','Samara'),(44,'m','1992-01-03',44,'2017-07-25 14:12:44','Samara'),(45,'f','1986-12-03',45,'2019-04-17 12:15:20','Moscow'),(46,'m','2008-06-06',46,'2014-10-28 05:36:47','Kazan'),(47,'m','2013-03-26',47,'2015-05-05 13:06:08','Omsk'),(48,'f','2018-01-01',48,'2019-11-06 16:47:21','Tomsk'),(49,'f','1976-11-18',49,'2013-11-02 05:39:11','Omsk'),(50,'f','2001-02-06',50,'2017-02-21 22:10:40','Samara'),(51,'f','2002-10-06',51,'2016-02-08 03:19:15','Kazan'),(52,'m','1975-07-07',52,'2018-09-25 01:54:18','Samara'),(53,'m','1988-03-21',53,'2021-02-02 14:52:30','Moscow'),(54,'m','1970-01-25',54,'2017-03-06 00:16:52','Samara'),(55,'m','1983-03-21',55,'2012-02-16 05:56:25','Omsk'),(56,'m','1996-05-23',56,'2016-08-19 19:27:39','Samara'),(57,'m','2012-09-19',57,'2014-03-06 21:53:49','Moscow'),(58,'f','2002-11-20',58,'2018-12-10 18:24:38','Tomsk'),(59,'m','2010-07-19',59,'2016-04-03 18:44:58','Kazan'),(60,'f','2020-02-10',60,'2014-02-11 00:00:42','Tomsk'),(61,'m','1977-06-21',61,'2020-06-09 01:25:21','Samara'),(62,'m','1994-03-31',62,'2019-11-03 00:38:09','Tomsk'),(63,'f','2007-06-27',63,'2017-05-02 23:52:46','Samara'),(64,'m','2016-06-20',64,'2018-12-30 17:42:20','Tomsk'),(65,'m','1989-04-19',65,'2016-06-30 21:39:02','Kazan'),(66,'f','1990-03-28',66,'2015-02-04 13:36:57','Moscow'),(67,'f','2012-05-30',67,'2012-04-14 13:08:11','Samara'),(68,'f','1979-07-02',68,'2018-03-02 02:04:23','Samara'),(69,'f','1974-10-22',69,'2017-06-22 21:16:24','Omsk'),(70,'f','2011-02-18',70,'2019-11-28 07:55:51','Kazan'),(71,'f','1981-06-03',71,'2014-08-16 15:01:47','Samara'),(72,'f','1985-01-22',72,'2019-11-07 08:49:20','Moscow'),(73,'f','1972-10-13',73,'2012-06-22 01:12:04','Kazan'),(74,'f','1974-12-08',74,'2018-02-02 22:36:04','Samara'),(75,'m','1997-10-20',75,'2015-06-02 11:35:59','Kazan'),(76,'f','1997-09-23',76,'2016-02-28 01:49:41','Samara'),(77,'m','1983-08-14',77,'2018-12-07 10:05:27','Moscow'),(78,'m','2011-08-17',78,'2013-09-10 06:46:48','Samara'),(79,'f','1980-09-08',79,'2015-04-16 03:48:10','Tomsk'),(80,'m','1989-06-21',80,'2020-06-18 09:35:37','Samara'),(81,'f','1990-05-29',81,'2016-02-23 09:21:48','Moscow'),(82,'m','1981-09-26',82,'2018-05-04 22:27:18','Tomsk'),(83,'m','1979-05-09',83,'2021-04-13 06:01:36','Moscow'),(84,'f','2008-09-26',84,'2016-06-18 01:49:38','Kazan'),(85,'f','2010-12-24',85,'2012-11-13 08:06:18','Samara'),(86,'m','2018-05-11',86,'2019-08-24 16:15:13','Samara'),(87,'m','1990-10-11',87,'2020-10-23 20:32:57','Kazan'),(88,'f','2002-11-07',88,'2015-12-07 15:03:07','Moscow'),(89,'f','1978-11-30',89,'2012-08-07 10:41:45','Omsk'),(90,'m','1975-12-03',90,'2013-07-05 01:22:31','Samara'),(91,'m','2015-06-11',91,'2012-07-28 20:15:41','Omsk'),(92,'m','1994-10-20',92,'2018-11-16 17:53:43','Moscow'),(93,'f','1986-07-08',93,'2016-01-24 12:52:47','Samara'),(94,'f','1972-06-13',94,'2014-05-05 03:10:08','Omsk'),(95,'m','1985-01-31',95,'2012-07-26 17:50:01','Omsk'),(96,'m','1984-06-08',96,'2016-03-11 02:32:25','Omsk'),(97,'f','2006-01-25',97,'2012-08-29 10:26:26','Omsk'),(98,'m','1991-10-02',98,'2018-01-13 23:31:12','Kazan'),(99,'f','2021-03-22',99,'2012-08-03 22:22:41','Omsk'),(100,'f','1970-04-09',100,'2015-01-03 02:57:50','Omsk');
/*!40000 ALTER TABLE `u_profiles` ENABLE KEYS */;
UNLOCK TABLES;

--
-- Table structure for table `users`
--

DROP TABLE IF EXISTS `users`;
/*!40101 SET @saved_cs_client     = @@character_set_client */;
/*!40101 SET character_set_client = utf8 */;
CREATE TABLE `users` (
  `id` bigint(20) unsigned NOT NULL AUTO_INCREMENT,
  `firstname` varchar(50) COLLATE utf8mb4_unicode_ci DEFAULT NULL,
  `lastname` varchar(50) COLLATE utf8mb4_unicode_ci DEFAULT NULL,
  `email` varchar(120) COLLATE utf8mb4_unicode_ci DEFAULT NULL,
  `phone` bigint(20) DEFAULT NULL,
  `user_type` enum('visitor','host','moderator') COLLATE utf8mb4_unicode_ci DEFAULT NULL COMMENT 'visitor-goes to events; host-creates events',
  PRIMARY KEY (`id`),
  UNIQUE KEY `email` (`email`),
  KEY `users_phone_idx` (`phone`),
  KEY `users_firstname_lastname_idx` (`firstname`,`lastname`)
) ENGINE=InnoDB AUTO_INCREMENT=101 DEFAULT CHARSET=utf8mb4 COLLATE=utf8mb4_unicode_ci;
/*!40101 SET character_set_client = @saved_cs_client */;

--
-- Dumping data for table `users`
--

LOCK TABLES `users` WRITE;
/*!40000 ALTER TABLE `users` DISABLE KEYS */;
INSERT INTO `users` VALUES (1,'Andreanne','Williamson','eschultz@example.net',9970852624,'host'),(2,'Anais','Pacocha','bhammes@example.com',9380181911,'host'),(3,'Nelda','Brown','fisher.chyna@example.com',9054317400,'host'),(4,'Deborah','Muller','magali13@example.com',9754448809,'visitor'),(5,'Monica','Turner','lkovacek@example.net',9432846141,'host'),(6,'Jaylon','Prosacco','bweimann@example.org',9497773616,'visitor'),(7,'Eloise','Gerhold','fbartoletti@example.org',9210311222,'host'),(8,'Mavis','Larson','treichel@example.net',9654087762,'visitor'),(9,'Alberto','Conn','santos93@example.org',9744413631,'visitor'),(10,'Herminio','Brown','nona.auer@example.com',9093044156,'host'),(11,'Angelo','Dicki','lenna.koss@example.com',9093530044,'host'),(12,'Lloyd','Hauck','cfeil@example.net',9845735239,'visitor'),(13,'Veda','Lehner','cruz.wisozk@example.org',9435421583,'visitor'),(14,'Colleen','Halvorson','omer18@example.org',9940970212,'visitor'),(15,'Tristin','Gutmann','meggie.kiehn@example.com',9148831116,'host'),(16,'Kitty','Hayes','armani.o\'connell@example.org',9031391108,'visitor'),(17,'Addie','O\'Conner','qconnelly@example.com',9888366912,'host'),(18,'Daisy','Christiansen','osinski.chanelle@example.net',9463210714,'host'),(19,'Pink','Thiel','finn.ziemann@example.com',9413632653,'host'),(20,'Geo','Stiedemann','murphy96@example.net',9940765166,'visitor'),(21,'Keira','Sipes','dooley.delaney@example.com',9811833697,'visitor'),(22,'Lazaro','Zemlak','hugh91@example.com',9799513535,'host'),(23,'Koby','Leuschke','mckenzie.koelpin@example.com',9674213244,'visitor'),(24,'General','Harber','syundt@example.net',9698594537,'visitor'),(25,'Wilfred','Keeling','diamond57@example.net',9308879425,'visitor'),(26,'Kristofer','Steuber','wvandervort@example.org',9698061114,'host'),(27,'Elwin','Konopelski','estokes@example.com',9610638687,'visitor'),(28,'Donna','Quitzon','rhayes@example.net',9771680835,'host'),(29,'Davin','Runolfsdottir','taya18@example.com',9142723192,'visitor'),(30,'Nettie','Mohr','fay.morris@example.com',9932213318,'host'),(31,'Columbus','Price','mann.dan@example.com',9898914495,'host'),(32,'Sabryna','Nikolaus','ondricka.jan@example.org',9834187162,'visitor'),(33,'Alvena','Gutkowski','terrell51@example.com',9062482525,'host'),(34,'Ricardo','Nicolas','egaylord@example.com',9954207890,'host'),(35,'Ruthie','Lubowitz','elemke@example.com',9375810074,'visitor'),(36,'Herbert','Schmidt','gail20@example.net',9407021470,'visitor'),(37,'Gia','Hamill','hintz.elroy@example.org',9787056351,'host'),(38,'Phoebe','Botsford','bailey.jocelyn@example.net',9976547146,'host'),(39,'Eula','Collier','collins.cathryn@example.net',9370772299,'visitor'),(40,'Cydney','Blick','londricka@example.com',9060766653,'host'),(41,'Cruz','Boehm','olaf.mann@example.org',9637736695,'host'),(42,'Marques','Carroll','sierra70@example.org',9272260395,'visitor'),(43,'Shyanne','Kirlin','justus86@example.net',9523783489,'host'),(44,'Toby','McKenzie','qnikolaus@example.net',9814976094,'host'),(45,'Krystina','Cole','carmela.kshlerin@example.net',9577563428,'visitor'),(46,'Mariam','Rempel','rmante@example.org',9827314167,'host'),(47,'Ethelyn','Schuppe','awolf@example.com',9073300200,'host'),(48,'Austin','Wintheiser','rowe.alexandrine@example.com',9822852392,'host'),(49,'Laurine','Miller','schmeler.jamel@example.org',9459416717,'visitor'),(50,'Alexandrine','Kihn','rutherford.kathlyn@example.net',9125722412,'host'),(51,'Zackery','Tromp','streich.janet@example.org',9100263513,'host'),(52,'Oren','Lubowitz','ayana.kerluke@example.org',9692016549,'host'),(53,'Lyla','Boehm','marjorie12@example.net',9798821614,'visitor'),(54,'Ilene','Blanda','uheathcote@example.org',9271564415,'host'),(55,'General','Robel','minerva33@example.com',9598071991,'host'),(56,'Mustafa','Bayer','annetta24@example.net',9817126780,'host'),(57,'Jamal','Rau','lemuel13@example.com',9608774334,'visitor'),(58,'Antonia','Corkery','stokes.josie@example.net',9942216101,'host'),(59,'Aric','Jacobson','gbruen@example.net',9108995152,'host'),(60,'Maiya','McGlynn','mills.garry@example.com',9530478438,'host'),(61,'Carolyn','Stroman','homenick.jermaine@example.org',9222895359,'host'),(62,'Lonzo','Harris','celia.wilkinson@example.org',9813885705,'visitor'),(63,'Else','Herman','armstrong.lilla@example.net',9543923083,'visitor'),(64,'Mitchell','Bruen','alivia.spencer@example.net',9162257347,'visitor'),(65,'Nelson','Koss','wilderman.louie@example.net',9367435816,'host'),(66,'Monroe','Bogisich','barrows.lenna@example.org',9827143862,'visitor'),(67,'Nathan','Walker','homenick.general@example.org',9517809612,'visitor'),(68,'Tyrel','Weimann','devan.kohler@example.net',9801710972,'visitor'),(69,'Kristopher','Dibbert','bergstrom.gabriel@example.com',9866570876,'visitor'),(70,'Floy','Reichert','reilly.mraz@example.org',9212180853,'host'),(71,'Beth','Gleichner','sanford.tremaine@example.com',9079478379,'visitor'),(72,'Gussie','Welch','lavinia.braun@example.com',9485040448,'visitor'),(73,'Helmer','Wilderman','lucie.swaniawski@example.org',9936294731,'host'),(74,'Althea','Dibbert','reginald98@example.com',9823163666,'host'),(75,'Eino','Luettgen','lynch.d\'angelo@example.org',9496996005,'host'),(76,'Daphney','Weimann','treutel.issac@example.com',9418358141,'visitor'),(77,'Joannie','Howell','kole91@example.net',9933733643,'visitor'),(78,'Mateo','Monahan','gottlieb.dario@example.net',9348234926,'host'),(79,'Braxton','Schneider','ilemke@example.com',9306368329,'visitor'),(80,'Demario','Bergnaum','nienow.raphaelle@example.com',9034286097,'host'),(81,'Susie','Wilkinson','kamryn79@example.net',9902656553,'visitor'),(82,'Mike','Windler','benton.mclaughlin@example.org',9645820856,'visitor'),(83,'Billy','Goldner','rowe.francesco@example.com',9838174338,'visitor'),(84,'Lelah','Paucek','huel.hazle@example.net',9262805677,'visitor'),(85,'Rebecca','Mayer','noemy.denesik@example.com',9770148690,'host'),(86,'Breanna','Durgan','cloyd.harris@example.org',9755433247,'host'),(87,'Lola','Russel','vrutherford@example.com',9950308307,'visitor'),(88,'Lucy','Treutel','phudson@example.com',9417813960,'visitor'),(89,'Kasandra','Stoltenberg','margaretta.terry@example.net',9333624188,'visitor'),(90,'Jacynthe','Auer','bashirian.malcolm@example.org',9689213127,'visitor'),(91,'Agnes','Medhurst','ypadberg@example.net',9522849008,'visitor'),(92,'Tanner','Gleichner','magdalen.ryan@example.org',9564801201,'host'),(93,'Timmy','Runolfsson','dwill@example.org',9082393738,'visitor'),(94,'Godfrey','Jones','gregory80@example.com',9847339452,'host'),(95,'Jane','Shanahan','lauriane30@example.org',9938512021,'visitor'),(96,'Emerald','Pagac','bergstrom.forest@example.com',9131828452,'visitor'),(97,'Maureen','Kuphal','mwelch@example.com',9500812368,'visitor'),(98,'Maritza','Barton','mayra35@example.org',9228343897,'host'),(99,'Bertha','Fay','kris.cristal@example.org',9612976209,'visitor'),(100,'Aaliyah','Walker','gbergstrom@example.net',9374501789,'host');
/*!40000 ALTER TABLE `users` ENABLE KEYS */;
UNLOCK TABLES;
/*!40103 SET TIME_ZONE=@OLD_TIME_ZONE */;

/*!40101 SET SQL_MODE=@OLD_SQL_MODE */;
/*!40014 SET FOREIGN_KEY_CHECKS=@OLD_FOREIGN_KEY_CHECKS */;
/*!40014 SET UNIQUE_CHECKS=@OLD_UNIQUE_CHECKS */;
/*!40101 SET CHARACTER_SET_CLIENT=@OLD_CHARACTER_SET_CLIENT */;
/*!40101 SET CHARACTER_SET_RESULTS=@OLD_CHARACTER_SET_RESULTS */;
/*!40101 SET COLLATION_CONNECTION=@OLD_COLLATION_CONNECTION */;
/*!40111 SET SQL_NOTES=@OLD_SQL_NOTES */;

-- Dump completed on 2021-09-26 20:19:15
